avatar_name,language,city,date,mobile
AliBaba-0,portuguese,valletta,30,0
AliBaba-0,portuguese,valletta,30,1
AliBaba-0,portuguese,valletta,30,0
AliBaba-1,cypriot,paris,15,1
AliBaba-2,estonian,amsterdam,2,1
AliBaba-3,hungarian,sofia,34,0
AliBaba-3,hungarian,sofia,13,1
AliBaba-3,hungarian,sofia,9,1
AliBaba-4,irish,vienna,43,1
AliBaba-4,irish,vienna,18,0
AliBaba-4,irish,vienna,1,1
AliBaba-5,italian,madrid,22,1
AliBaba-5,italian,madrid,1,0
AliBaba-6,polish,vilnius,43,0
AliBaba-6,polish,vilnius,15,0
AliBaba-7,italian,sofia,11,1
AliBaba-7,italian,sofia,8,0
AliBaba-8,portuguese,madrid,0,1
AliBaba-9,finnish,vienna,44,0
AliBaba-9,finnish,vienna,42,0
AliBaba-10,bulgarian,vilnius,0,0
AliBaba-11,luxembourgish,amsterdam,9,1
AliBaba-11,luxembourgish,amsterdam,8,1
AliBaba-12,romanian,vienna,2,1
AliBaba-13,czech,rome,8,1
AliBaba-13,czech,rome,5,0
AliBaba-14,portuguese,vilnius,42,1
AliBaba-14,portuguese,vilnius,13,0
AliBaba-15,belgian,paris,14,1
AliBaba-15,belgian,paris,12,0
AliBaba-15,belgian,paris,0,0
AliBaba-16,finnish,madrid,17,0
AliBaba-17,finnish,amsterdam,12,0
AliBaba-18,spanish,valletta,36,0
AliBaba-18,spanish,valletta,1,0
AliBaba-19,finnish,vilnius,39,1
AliBaba-20,italian,valletta,0,1
AliBaba-21,italian,vilnius,0,1
AliBaba-22,estonian,valletta,15,1
AliBaba-23,belgian,sofia,0,1
AliBaba-24,portuguese,vienna,10,0
AliBaba-25,estonian,sofia,6,0
AliBaba-26,croatian,amsterdam,15,0
AliBaba-27,austrian,paris,10,0
AliBaba-28,polish,valletta,7,0
AliBaba-29,polish,rome,30,0
AliBaba-29,polish,rome,25,0
AliBaba-29,polish,rome,13,0
AliBaba-29,polish,rome,4,0
AliBaba-30,german,amsterdam,33,0
AliBaba-30,german,amsterdam,11,0
AliBaba-31,greek,amsterdam,4,0
AliBaba-32,portuguese,sofia,19,1
AliBaba-33,austrian,paris,10,0
AliBaba-33,austrian,paris,2,0
AliBaba-34,austrian,amsterdam,31,0
AliBaba-34,austrian,amsterdam,27,1
AliBaba-35,french,rome,15,1
AliBaba-36,estonian,vienna,19,0
AliBaba-37,italian,vilnius,27,1
AliBaba-37,italian,vilnius,25,0
AliBaba-38,polish,sofia,37,1
AliBaba-38,polish,sofia,15,0
AliBaba-39,romanian,vilnius,1,0
AliBaba-40,croatian,paris,32,1
AliBaba-40,croatian,paris,5,1
AliBaba-41,portuguese,vilnius,9,0
AliBaba-42,czech,valletta,37,1
AliBaba-42,czech,valletta,16,1
AliBaba-43,portuguese,amsterdam,2,0
AliBaba-44,lithuanian,vienna,5,1
AliBaba-45,cypriot,amsterdam,34,1
AliBaba-46,dutch,paris,31,1
AliBaba-46,dutch,paris,10,1
AliBaba-47,maltese,vilnius,24,1
AliBaba-48,portuguese,rome,33,1
AliBaba-49,lithuanian,amsterdam,20,0
AliBaba-50,slovakian,sofia,18,1
AliBaba-51,maltese,vilnius,19,0
AliBaba-51,maltese,vilnius,10,1
AliBaba-52,spanish,paris,15,0
AliBaba-52,spanish,paris,15,1
AliBaba-52,spanish,paris,6,0
AliBaba-53,belgian,vilnius,13,1
AliBaba-54,austrian,copenhagen,30,0
AliBaba-54,austrian,copenhagen,22,1
AliBaba-55,belgian,vilnius,39,0
AliBaba-56,german,vienna,13,0
AliBaba-57,cypriot,valletta,28,1
AliBaba-57,cypriot,valletta,10,0
AliBaba-58,lithuanian,vilnius,1,1
AliBaba-59,slovakian,rome,13,0
AliBaba-60,hungarian,amsterdam,30,0
AliBaba-60,hungarian,amsterdam,3,0
AliBaba-61,finnish,valletta,10,1
AliBaba-62,czech,paris,42,1
AliBaba-62,czech,paris,31,0
AliBaba-62,czech,paris,31,0
AliBaba-62,czech,paris,9,0
AliBaba-62,czech,paris,5,0
AliBaba-63,irish,copenhagen,13,1
AliBaba-64,irish,sofia,6,1
AliBaba-65,hungarian,amsterdam,6,0
AliBaba-66,italian,madrid,1,1
AliBaba-67,greek,vilnius,44,1
AliBaba-67,greek,vilnius,29,0
AliBaba-67,greek,vilnius,20,1
AliBaba-68,slovakian,rome,35,0
AliBaba-68,slovakian,rome,25,1
AliBaba-68,slovakian,rome,16,1
AliBaba-69,irish,sofia,19,1
AliBaba-70,spanish,sofia,36,0
AliBaba-70,spanish,sofia,33,1
AliBaba-70,spanish,sofia,14,1
AliBaba-71,croatian,amsterdam,23,0
AliBaba-72,latvian,vienna,12,0
AliBaba-72,latvian,vienna,2,1
AliBaba-73,greek,amsterdam,44,1
AliBaba-73,greek,amsterdam,14,0
AliBaba-73,greek,amsterdam,11,1
AliBaba-74,czech,rome,29,1
AliBaba-74,czech,rome,22,1
AliBaba-75,maltese,valletta,6,1
AliBaba-76,czech,valletta,9,0
AliBaba-76,czech,valletta,9,0
AliBaba-77,romanian,paris,24,0
AliBaba-77,romanian,paris,9,1
AliBaba-78,irish,paris,19,1
AliBaba-78,irish,paris,14,1
AliBaba-79,french,copenhagen,10,0
AliBaba-80,french,rome,25,1
AliBaba-80,french,rome,15,1
AliBaba-80,french,rome,3,1
AliBaba-81,romanian,paris,8,1
AliBaba-82,french,vienna,29,0
AliBaba-83,spanish,madrid,25,0
AliBaba-83,spanish,madrid,8,1
AliBaba-84,lithuanian,paris,19,0
AliBaba-84,lithuanian,paris,17,0
AliBaba-84,lithuanian,paris,1,0
AliBaba-85,polish,vilnius,21,1
AliBaba-85,polish,vilnius,0,0
AliBaba-86,hungarian,vilnius,39,1
AliBaba-86,hungarian,vilnius,26,0
AliBaba-86,hungarian,vilnius,21,0
AliBaba-87,cypriot,copenhagen,10,0
AliBaba-88,polish,vilnius,21,0
AliBaba-89,dutch,sofia,22,1
AliBaba-90,slovene,vilnius,21,0
AliBaba-90,slovene,vilnius,5,0
AliBaba-91,danish,copenhagen,17,1
AliBaba-92,greek,copenhagen,13,1
AliBaba-93,slovene,paris,28,1
AliBaba-94,croatian,rome,31,0
AliBaba-94,croatian,rome,1,0
AliBaba-95,danish,amsterdam,17,1
AliBaba-95,danish,amsterdam,12,1
AliBaba-95,danish,amsterdam,3,1
AliBaba-96,cypriot,sofia,34,1
AliBaba-96,cypriot,sofia,22,1
AliBaba-97,danish,madrid,12,1
AliBaba-98,czech,copenhagen,13,0
AliBaba-98,czech,copenhagen,12,0
AliBaba-98,czech,copenhagen,9,1
AliBaba-99,dutch,copenhagen,2,1
AliBaba-100,portuguese,copenhagen,7,1
AliBaba-101,estonian,valletta,0,1
AliBaba-102,spanish,vienna,26,1
AliBaba-102,spanish,vienna,25,0
AliBaba-102,spanish,vienna,25,1
AliBaba-102,spanish,vienna,24,0
AliBaba-102,spanish,vienna,23,1
AliBaba-103,finnish,sofia,17,0
AliBaba-103,finnish,sofia,4,0
AliBaba-104,estonian,rome,22,0
AliBaba-104,estonian,rome,22,0
AliBaba-104,estonian,rome,10,0
AliBaba-105,cypriot,amsterdam,15,0
AliBaba-105,cypriot,amsterdam,11,1
AliBaba-105,cypriot,amsterdam,5,1
AliBaba-106,french,madrid,43,1
AliBaba-106,french,madrid,4,0
AliBaba-107,latvian,madrid,19,0
AliBaba-108,polish,vienna,14,0
AliBaba-109,croatian,valletta,26,1
AliBaba-109,croatian,valletta,3,1
AliBaba-110,maltese,amsterdam,5,0
AliBaba-111,latvian,valletta,13,1
AliBaba-112,portuguese,valletta,42,1
AliBaba-112,portuguese,valletta,12,1
AliBaba-113,cypriot,copenhagen,43,0
AliBaba-113,cypriot,copenhagen,19,0
AliBaba-114,luxembourgish,valletta,40,1
AliBaba-114,luxembourgish,valletta,33,1
AliBaba-115,maltese,valletta,24,0
AliBaba-116,belgian,amsterdam,44,1
AliBaba-116,belgian,amsterdam,26,1
AliBaba-117,latvian,sofia,13,1
AliBaba-118,spanish,rome,7,0
AliBaba-119,cypriot,rome,10,0
AliBaba-120,luxembourgish,paris,40,1
AliBaba-120,luxembourgish,paris,26,0
AliBaba-120,luxembourgish,paris,23,1
AliBaba-121,slovene,sofia,18,1
AliBaba-122,croatian,amsterdam,30,0
AliBaba-123,french,sofia,28,1
AliBaba-123,french,sofia,9,1
AliBaba-123,french,sofia,2,0
AliBaba-124,croatian,copenhagen,17,0
AliBaba-124,croatian,copenhagen,15,0
AliBaba-124,croatian,copenhagen,14,1
AliBaba-124,croatian,copenhagen,14,0
AliBaba-125,spanish,copenhagen,7,1
AliBaba-126,latvian,amsterdam,26,0
AliBaba-126,latvian,amsterdam,16,0
AliBaba-126,latvian,amsterdam,11,1
AliBaba-126,latvian,amsterdam,9,1
AliBaba-127,dutch,copenhagen,43,1
AliBaba-128,italian,rome,21,1
AliBaba-129,italian,valletta,41,1
AliBaba-129,italian,valletta,8,1
AliBaba-130,austrian,sofia,14,1
AliBaba-131,danish,sofia,1,1
AliBaba-132,danish,amsterdam,38,1
AliBaba-133,dutch,rome,44,0
AliBaba-133,dutch,rome,8,0
AliBaba-134,dutch,rome,9,1
AliBaba-134,dutch,rome,6,1
AliBaba-135,lithuanian,copenhagen,33,1
AliBaba-135,lithuanian,copenhagen,11,1
AliBaba-136,luxembourgish,vilnius,44,1
AliBaba-136,luxembourgish,vilnius,44,0
AliBaba-136,luxembourgish,vilnius,30,0
AliBaba-136,luxembourgish,vilnius,24,0
AliBaba-137,estonian,amsterdam,20,0
AliBaba-137,estonian,amsterdam,3,0
AliBaba-138,belgian,vilnius,41,1
AliBaba-138,belgian,vilnius,1,0
AliBaba-139,romanian,amsterdam,1,1
AliBaba-140,french,copenhagen,42,1
AliBaba-140,french,copenhagen,17,0
AliBaba-140,french,copenhagen,11,0
AliBaba-140,french,copenhagen,3,0
AliBaba-141,austrian,amsterdam,23,1
AliBaba-141,austrian,amsterdam,6,1
AliBaba-142,spanish,vienna,12,1
AliBaba-143,austrian,copenhagen,29,1
AliBaba-144,hungarian,vienna,11,1
AliBaba-145,swedish,vilnius,32,0
AliBaba-145,swedish,vilnius,14,0
AliBaba-145,swedish,vilnius,6,1
AliBaba-146,czech,vilnius,8,1
AliBaba-147,italian,copenhagen,14,0
AliBaba-148,italian,copenhagen,37,1
AliBaba-149,german,madrid,19,1
AliBaba-150,swedish,madrid,30,0
AliBaba-151,greek,paris,20,1
AliBaba-151,greek,paris,12,1
AliBaba-152,finnish,copenhagen,31,1
AliBaba-152,finnish,copenhagen,27,0
AliBaba-152,finnish,copenhagen,6,1
AliBaba-153,bulgarian,madrid,9,0
AliBaba-154,bulgarian,rome,40,0
AliBaba-154,bulgarian,rome,34,1
AliBaba-155,estonian,vilnius,14,0
AliBaba-155,estonian,vilnius,4,1
AliBaba-156,croatian,paris,38,1
AliBaba-156,croatian,paris,18,0
AliBaba-156,maltese,rome,8,0
AliBaba-157,austrian,vilnius,28,1
AliBaba-157,austrian,vilnius,25,1
AliBaba-157,austrian,vilnius,6,1
AliBaba-158,german,valletta,9,0
AliBaba-159,spanish,copenhagen,13,0
AliBaba-160,dutch,sofia,32,0
AliBaba-160,dutch,sofia,27,1
AliBaba-160,dutch,sofia,22,0
AliBaba-160,dutch,sofia,19,1
AliBaba-160,dutch,sofia,14,1
AliBaba-160,dutch,sofia,9,0
AliBaba-160,dutch,sofia,7,0
AliBaba-161,slovene,vienna,1,0
AliBaba-162,german,paris,25,0
AliBaba-163,hungarian,copenhagen,26,1
AliBaba-164,dutch,sofia,41,0
AliBaba-164,dutch,sofia,32,0
AliBaba-164,dutch,sofia,27,1
AliBaba-164,dutch,sofia,4,0
AliBaba-165,romanian,vienna,14,0
AliBaba-166,romanian,sofia,38,1
AliBaba-166,romanian,sofia,8,0
AliBaba-166,romanian,sofia,3,0
AliBaba-167,estonian,vienna,44,0
AliBaba-167,estonian,vienna,6,0
AliBaba-167,estonian,vienna,4,0
AliBaba-168,belgian,madrid,40,0
AliBaba-168,belgian,madrid,40,1
AliBaba-168,belgian,madrid,5,0
AliBaba-169,hungarian,paris,12,0
AliBaba-169,hungarian,paris,11,0
AliBaba-170,german,paris,41,1
AliBaba-170,german,paris,21,1
AliBaba-170,german,paris,19,0
AliBaba-171,romanian,madrid,8,0
AliBaba-172,italian,valletta,14,1
AliBaba-173,slovakian,rome,43,1
AliBaba-173,slovakian,rome,7,0
AliBaba-174,belgian,amsterdam,17,1
AliBaba-174,belgian,amsterdam,7,1
AliBaba-175,spanish,sofia,9,0
AliBaba-176,estonian,paris,42,0
AliBaba-176,estonian,paris,29,1
AliBaba-176,estonian,paris,17,1
AliBaba-177,slovakian,amsterdam,22,1
AliBaba-178,polish,paris,33,0
AliBaba-178,polish,paris,0,0
AliBaba-178,polish,paris,0,1
AliBaba-179,greek,sofia,24,1
AliBaba-179,greek,sofia,2,1
AliBaba-180,estonian,rome,6,1
AliBaba-181,german,paris,5,1
AliBaba-182,bulgarian,vilnius,41,0
AliBaba-182,bulgarian,vilnius,14,0
AliBaba-182,bulgarian,vilnius,8,1
AliBaba-183,finnish,paris,3,1
AliBaba-184,estonian,paris,0,1
AliBaba-185,austrian,copenhagen,4,0
AliBaba-186,austrian,rome,31,1
AliBaba-187,finnish,sofia,13,1
AliBaba-188,hungarian,copenhagen,26,0
AliBaba-189,estonian,madrid,32,1
AliBaba-189,estonian,madrid,27,0
AliBaba-189,estonian,madrid,25,1
AliBaba-189,estonian,madrid,15,0
AliBaba-190,bulgarian,vienna,31,0
AliBaba-190,bulgarian,vienna,10,1
AliBaba-191,slovene,copenhagen,31,1
AliBaba-192,irish,vilnius,43,1
AliBaba-192,irish,vilnius,27,1
AliBaba-193,danish,copenhagen,38,0
AliBaba-193,danish,copenhagen,18,0
AliBaba-194,belgian,copenhagen,33,0
AliBaba-194,belgian,copenhagen,0,1
AliBaba-195,italian,sofia,4,0
AliBaba-196,luxembourgish,madrid,17,0
AliBaba-196,luxembourgish,madrid,2,0
AliBaba-197,croatian,copenhagen,7,0
AliBaba-198,austrian,madrid,28,1
AliBaba-199,finnish,valletta,28,1
AliBaba-199,finnish,valletta,20,0
AliBaba-199,finnish,valletta,7,0
AliBaba-199,finnish,valletta,2,1
AliBaba-200,lithuanian,madrid,2,1
AliBaba-200,lithuanian,madrid,0,0
AliBaba-201,bulgarian,madrid,10,1
AliBaba-201,bulgarian,madrid,9,0
AliBaba-202,cypriot,rome,32,1
AliBaba-202,cypriot,rome,16,1
AliBaba-202,cypriot,rome,6,0
AliBaba-203,slovene,valletta,32,0
AliBaba-203,slovene,valletta,17,0
AliBaba-204,romanian,vienna,1,1
AliBaba-205,lithuanian,vienna,1,1
AliBaba-206,slovakian,rome,1,1
AliBaba-207,swedish,valletta,14,0
AliBaba-207,swedish,valletta,6,0
AliBaba-208,hungarian,vilnius,23,0
AliBaba-208,hungarian,vilnius,6,1
AliBaba-209,lithuanian,madrid,6,0
AliBaba-210,bulgarian,paris,3,1
AliBaba-211,greek,paris,16,0
AliBaba-212,latvian,rome,41,1
AliBaba-213,polish,vilnius,4,1
AliBaba-214,slovene,vilnius,38,0
AliBaba-214,slovene,vilnius,7,1
AliBaba-215,dutch,valletta,43,0
AliBaba-215,dutch,valletta,37,0
AliBaba-215,dutch,valletta,32,1
AliBaba-215,dutch,valletta,15,1
AliBaba-216,polish,rome,13,1
AliBaba-217,spanish,vilnius,44,0
AliBaba-217,spanish,vilnius,22,0
AliBaba-217,spanish,vilnius,7,0
AliBaba-217,spanish,vilnius,4,1
AliBaba-218,irish,paris,20,1
AliBaba-218,irish,paris,3,0
AliBaba-219,romanian,sofia,25,0
AliBaba-220,danish,valletta,4,1
AliBaba-221,italian,vienna,3,0
AliBaba-221,italian,vienna,1,0
AliBaba-222,cypriot,rome,2,0
AliBaba-223,portuguese,valletta,28,0
AliBaba-224,portuguese,madrid,44,0
AliBaba-224,portuguese,madrid,34,1
AliBaba-224,portuguese,madrid,5,1
AliBaba-225,romanian,paris,23,1
AliBaba-226,croatian,copenhagen,16,1
AliBaba-227,latvian,vienna,26,1
AliBaba-227,latvian,vienna,8,0
AliBaba-228,latvian,amsterdam,6,0
AliBaba-229,portuguese,sofia,20,1
AliBaba-229,portuguese,sofia,1,1
AliBaba-230,belgian,valletta,14,0
AliBaba-231,spanish,vienna,36,0
AliBaba-231,spanish,vienna,34,1
AliBaba-231,spanish,vienna,16,1
AliBaba-232,lithuanian,valletta,12,1
AliBaba-233,bulgarian,copenhagen,14,1
AliBaba-234,romanian,amsterdam,7,1
AliBaba-234,romanian,amsterdam,2,1
AliBaba-235,romanian,paris,38,1
AliBaba-235,romanian,paris,28,1
AliBaba-235,romanian,paris,10,1
AliBaba-236,czech,valletta,42,1
AliBaba-236,czech,valletta,27,1
AliBaba-236,czech,valletta,26,1
AliBaba-236,czech,valletta,6,1
AliBaba-237,czech,copenhagen,23,1
AliBaba-237,czech,copenhagen,2,0
AliBaba-238,bulgarian,vilnius,14,0
AliBaba-239,austrian,vilnius,3,1
AliBaba-240,romanian,valletta,9,1
AliBaba-240,romanian,valletta,4,0
AliBaba-241,slovakian,madrid,3,1
AliBaba-241,slovakian,madrid,1,1
AliBaba-242,lithuanian,amsterdam,7,1
AliBaba-243,portuguese,paris,29,1
AliBaba-243,portuguese,paris,17,0
AliBaba-243,portuguese,paris,17,1
AliBaba-243,portuguese,paris,16,1
AliBaba-243,portuguese,paris,15,1
AliBaba-244,maltese,madrid,43,1
AliBaba-244,maltese,madrid,33,1
AliBaba-244,maltese,madrid,3,0
AliBaba-245,belgian,paris,44,1
AliBaba-245,belgian,paris,3,0
AliBaba-246,estonian,amsterdam,22,1
AliBaba-246,estonian,amsterdam,9,0
AliBaba-247,cypriot,paris,3,0
AliBaba-248,portuguese,vilnius,1,0
AliBaba-249,spanish,rome,12,1
AliBaba-250,slovene,paris,22,0
AliBaba-251,swedish,sofia,34,0
AliBaba-251,swedish,sofia,7,1
AliBaba-251,swedish,sofia,4,1
AliBaba-252,austrian,vilnius,4,1
AliBaba-253,luxembourgish,rome,29,1
AliBaba-254,czech,paris,43,1
AliBaba-254,czech,paris,10,0
AliBaba-254,czech,paris,2,1
AliBaba-255,hungarian,vilnius,23,1
AliBaba-255,hungarian,vilnius,4,1
AliBaba-256,irish,vienna,15,0
AliBaba-257,czech,sofia,23,0
AliBaba-257,czech,sofia,13,0
AliBaba-258,luxembourgish,paris,1,0
AliBaba-259,maltese,vienna,3,1
AliBaba-260,maltese,amsterdam,18,0
AliBaba-261,cypriot,paris,42,1
AliBaba-261,cypriot,paris,38,0
AliBaba-261,cypriot,paris,7,1
AliBaba-262,lithuanian,paris,34,0
AliBaba-262,lithuanian,paris,5,0
AliBaba-263,italian,vienna,25,0
AliBaba-264,latvian,madrid,3,1
AliBaba-264,latvian,madrid,2,0
AliBaba-265,irish,vienna,6,1
AliBaba-266,portuguese,vilnius,7,0
AliBaba-266,portuguese,vilnius,4,1
AliBaba-267,swedish,vienna,18,0
AliBaba-267,swedish,vienna,2,1
AliBaba-268,danish,vienna,43,1
AliBaba-268,danish,vienna,23,1
AliBaba-269,estonian,copenhagen,28,1
AliBaba-270,cypriot,vienna,3,0
AliBaba-271,greek,vienna,33,1
AliBaba-271,greek,vienna,28,1
AliBaba-271,greek,vienna,12,0
AliBaba-272,austrian,vienna,11,1
AliBaba-273,german,sofia,8,0
AliBaba-274,croatian,sofia,44,0
AliBaba-274,croatian,sofia,31,1
AliBaba-274,croatian,sofia,13,1
AliBaba-275,portuguese,paris,10,0
AliBaba-275,portuguese,paris,5,1
AliBaba-275,portuguese,paris,3,1
AliBaba-276,czech,madrid,0,1
AliBaba-277,spanish,sofia,31,0
AliBaba-277,spanish,sofia,12,1
AliBaba-278,croatian,sofia,18,1
AliBaba-279,swedish,vienna,23,0
AliBaba-280,bulgarian,madrid,44,0
AliBaba-280,bulgarian,madrid,22,0
AliBaba-280,bulgarian,madrid,8,1
AliBaba-281,finnish,paris,0,0
AliBaba-282,maltese,vienna,10,1
AliBaba-283,hungarian,amsterdam,8,0
AliBaba-284,finnish,valletta,18,1
AliBaba-284,finnish,valletta,9,1
AliBaba-285,luxembourgish,rome,26,1
AliBaba-285,luxembourgish,rome,10,1
AliBaba-286,latvian,valletta,22,0
AliBaba-287,spanish,vienna,11,1
AliBaba-288,slovakian,vienna,4,0
AliBaba-288,slovakian,vienna,4,1
AliBaba-289,czech,copenhagen,17,0
AliBaba-290,finnish,rome,42,0
AliBaba-290,finnish,rome,37,1
AliBaba-290,finnish,rome,29,1
AliBaba-290,finnish,rome,11,0
AliBaba-291,french,vienna,5,0
AliBaba-291,french,vienna,1,1
AliBaba-292,croatian,sofia,37,0
AliBaba-292,croatian,sofia,25,0
AliBaba-292,croatian,sofia,23,1
AliBaba-292,croatian,sofia,22,1
AliBaba-292,croatian,sofia,19,1
AliBaba-293,french,paris,15,0
AliBaba-294,irish,madrid,28,1
AliBaba-294,irish,madrid,27,0
AliBaba-294,irish,madrid,4,0
AliBaba-295,belgian,vienna,23,1
AliBaba-296,belgian,paris,39,1
AliBaba-296,belgian,paris,35,0
AliBaba-296,belgian,paris,11,0
AliBaba-296,belgian,paris,5,0
AliBaba-297,latvian,amsterdam,0,0
AliBaba-298,irish,amsterdam,27,0
AliBaba-298,irish,amsterdam,7,0
AliBaba-298,irish,amsterdam,0,0
AliBaba-299,belgian,vienna,22,0
AliBaba-299,belgian,vienna,15,0
AliBaba-300,cypriot,vienna,6,1
AliBaba-301,austrian,paris,13,1
AliBaba-302,maltese,amsterdam,0,0
AliBaba-303,hungarian,valletta,1,1
AliBaba-304,luxembourgish,copenhagen,36,0
AliBaba-305,lithuanian,rome,35,0
AliBaba-305,lithuanian,rome,13,0
AliBaba-306,lithuanian,rome,11,1
AliBaba-307,estonian,valletta,7,1
AliBaba-308,estonian,amsterdam,2,1
AliBaba-309,slovene,paris,1,1
AliBaba-310,irish,madrid,27,1
AliBaba-310,irish,madrid,20,1
AliBaba-310,irish,madrid,11,1
AliBaba-311,estonian,sofia,40,1
AliBaba-311,estonian,sofia,37,1
AliBaba-311,estonian,sofia,6,0
AliBaba-311,estonian,sofia,3,0
AliBaba-311,estonian,sofia,3,1
AliBaba-312,romanian,paris,29,0
AliBaba-313,portuguese,paris,29,1
AliBaba-314,swedish,madrid,29,1
AliBaba-315,estonian,copenhagen,19,1
AliBaba-315,estonian,copenhagen,6,0
AliBaba-316,lithuanian,vilnius,9,0
AliBaba-316,lithuanian,vilnius,4,0
AliBaba-317,hungarian,sofia,22,1
AliBaba-317,hungarian,sofia,13,1
AliBaba-317,hungarian,sofia,13,0
AliBaba-318,italian,rome,26,0
AliBaba-319,luxembourgish,vienna,27,0
AliBaba-319,luxembourgish,vienna,11,1
AliBaba-319,luxembourgish,vienna,3,0
AliBaba-320,lithuanian,vienna,44,0
AliBaba-320,lithuanian,vienna,2,0
AliBaba-321,hungarian,vienna,22,0
AliBaba-322,finnish,vienna,2,0
AliBaba-323,slovene,rome,17,1
AliBaba-323,slovene,rome,17,1
AliBaba-324,maltese,sofia,35,1
AliBaba-325,slovakian,paris,32,1
AliBaba-326,maltese,sofia,1,1
AliBaba-327,cypriot,madrid,6,1
AliBaba-327,cypriot,madrid,0,0
AliBaba-328,italian,madrid,7,0
AliBaba-328,italian,madrid,2,1
AliBaba-329,swedish,amsterdam,11,0
AliBaba-330,polish,rome,1,0
AliBaba-331,polish,copenhagen,16,1
AliBaba-331,polish,copenhagen,7,0
AliBaba-332,slovene,copenhagen,19,0
AliBaba-332,slovene,copenhagen,9,0
AliBaba-333,hungarian,paris,37,0
AliBaba-333,hungarian,paris,4,1
AliBaba-334,french,paris,3,1
AliBaba-335,maltese,valletta,5,1
AliBaba-335,maltese,valletta,2,0
AliBaba-336,romanian,sofia,25,1
AliBaba-337,luxembourgish,vienna,37,0
AliBaba-337,luxembourgish,vienna,37,0
AliBaba-337,luxembourgish,vienna,27,1
AliBaba-337,luxembourgish,vienna,19,0
AliBaba-338,italian,copenhagen,10,1
AliBaba-338,italian,copenhagen,5,0
AliBaba-339,polish,sofia,18,1
AliBaba-339,polish,sofia,13,0
AliBaba-339,polish,sofia,6,0
AliBaba-340,austrian,valletta,17,1
AliBaba-341,slovakian,vienna,35,1
AliBaba-342,maltese,vienna,28,0
AliBaba-342,maltese,vienna,19,0
AliBaba-343,german,rome,11,0
AliBaba-343,german,rome,2,1
AliBaba-344,french,sofia,28,0
AliBaba-344,french,sofia,1,1
AliBaba-345,cypriot,madrid,6,1
AliBaba-345,cypriot,madrid,1,0
AliBaba-346,latvian,madrid,5,1
AliBaba-347,irish,vienna,10,0
AliBaba-347,irish,vienna,10,0
AliBaba-348,swedish,rome,13,1
AliBaba-348,swedish,rome,5,0
AliBaba-349,bulgarian,paris,29,1
AliBaba-350,polish,sofia,41,0
AliBaba-350,polish,sofia,15,1
AliBaba-350,polish,sofia,6,0
AliBaba-351,croatian,sofia,10,1
AliBaba-351,croatian,sofia,6,1
AliBaba-352,greek,madrid,12,1
AliBaba-352,greek,madrid,11,0
AliBaba-353,maltese,vilnius,14,0
AliBaba-353,maltese,vilnius,12,1
AliBaba-354,german,sofia,18,1
AliBaba-354,german,sofia,1,0
AliBaba-355,french,vienna,34,0
AliBaba-356,bulgarian,valletta,43,0
AliBaba-356,bulgarian,valletta,15,1
AliBaba-357,spanish,copenhagen,26,0
AliBaba-357,spanish,copenhagen,5,1
AliBaba-358,greek,rome,7,0
AliBaba-359,belgian,vilnius,38,0
AliBaba-359,belgian,vilnius,31,0
AliBaba-360,german,vienna,15,1
AliBaba-360,german,vienna,4,1
AliBaba-360,german,vienna,3,1
AliBaba-361,latvian,paris,24,0
AliBaba-361,latvian,paris,6,1
AliBaba-361,latvian,paris,6,1
AliBaba-362,cypriot,sofia,15,1
AliBaba-363,greek,rome,30,0
AliBaba-364,belgian,vilnius,24,0
AliBaba-364,belgian,vilnius,4,1
AliBaba-365,dutch,copenhagen,1,1
AliBaba-366,maltese,vilnius,19,1
AliBaba-367,lithuanian,sofia,27,1
AliBaba-367,lithuanian,sofia,13,1
AliBaba-368,lithuanian,vilnius,6,0
AliBaba-369,german,sofia,31,1
AliBaba-370,german,valletta,17,0
AliBaba-370,german,valletta,5,1
AliBaba-371,hungarian,vilnius,11,0
AliBaba-372,cypriot,vilnius,39,0
AliBaba-372,cypriot,vilnius,34,1
AliBaba-373,latvian,sofia,2,1
AliBaba-374,bulgarian,copenhagen,7,1
AliBaba-374,bulgarian,copenhagen,6,0
AliBaba-375,italian,paris,27,1
AliBaba-375,italian,paris,21,0
AliBaba-376,luxembourgish,madrid,18,1
AliBaba-377,slovene,sofia,26,1
AliBaba-377,slovene,sofia,11,0
AliBaba-378,czech,copenhagen,13,0
AliBaba-379,italian,rome,24,0
AliBaba-380,belgian,vilnius,33,0
AliBaba-380,belgian,vilnius,4,0
AliBaba-381,portuguese,rome,2,0
AliBaba-382,austrian,sofia,44,1
AliBaba-382,austrian,sofia,39,0
AliBaba-382,austrian,sofia,21,0
AliBaba-382,austrian,sofia,11,0
AliBaba-383,estonian,amsterdam,32,0
AliBaba-384,slovakian,rome,35,1
AliBaba-384,slovakian,rome,24,1
AliBaba-385,hungarian,rome,11,0
AliBaba-385,hungarian,rome,4,1
AliBaba-386,portuguese,amsterdam,1,1
AliBaba-387,portuguese,vienna,0,1
AliBaba-388,estonian,rome,42,0
AliBaba-388,estonian,rome,4,0
AliBaba-389,slovene,copenhagen,24,1
AliBaba-389,slovene,copenhagen,22,1
AliBaba-389,slovene,copenhagen,16,1
AliBaba-389,slovene,copenhagen,13,0
AliBaba-390,swedish,amsterdam,39,0
AliBaba-390,swedish,amsterdam,18,0
AliBaba-391,german,amsterdam,21,1
AliBaba-392,cypriot,sofia,24,0
AliBaba-393,dutch,vilnius,28,0
AliBaba-393,dutch,vilnius,15,1
AliBaba-393,dutch,vilnius,3,1
AliBaba-394,danish,copenhagen,17,0
AliBaba-394,danish,copenhagen,10,0
AliBaba-395,spanish,amsterdam,10,0
AliBaba-395,spanish,amsterdam,6,0
AliBaba-396,slovene,madrid,25,1
AliBaba-396,slovene,madrid,3,0
AliBaba-397,maltese,sofia,2,0
AliBaba-397,maltese,sofia,0,0
AliBaba-398,czech,vilnius,12,1
AliBaba-399,lithuanian,vienna,38,1
AliBaba-399,lithuanian,vienna,7,1
AliBaba-400,irish,sofia,37,1
AliBaba-400,irish,sofia,28,0
AliBaba-400,irish,sofia,13,1
AliBaba-401,portuguese,sofia,25,1
AliBaba-402,polish,copenhagen,21,0
AliBaba-402,polish,copenhagen,6,0
AliBaba-403,luxembourgish,sofia,14,0
AliBaba-404,finnish,valletta,39,1
AliBaba-405,french,vilnius,23,1
AliBaba-406,latvian,madrid,43,0
AliBaba-406,latvian,madrid,41,1
AliBaba-406,latvian,madrid,27,1
AliBaba-407,polish,rome,34,0
AliBaba-408,estonian,vilnius,23,1
AliBaba-409,slovene,madrid,23,0
AliBaba-409,slovene,madrid,11,1
AliBaba-410,italian,madrid,17,1
AliBaba-410,italian,madrid,13,1
AliBaba-411,polish,vienna,25,1
AliBaba-412,dutch,sofia,36,1
AliBaba-412,dutch,sofia,12,0
AliBaba-412,dutch,sofia,2,1
AliBaba-413,dutch,vilnius,44,0
AliBaba-413,dutch,vilnius,2,1
AliBaba-414,romanian,sofia,18,0
AliBaba-415,croatian,vilnius,40,0
AliBaba-415,croatian,vilnius,32,1
AliBaba-415,croatian,vilnius,3,1
AliBaba-416,portuguese,madrid,1,1
AliBaba-417,swedish,copenhagen,34,1
AliBaba-417,swedish,copenhagen,16,1
AliBaba-417,swedish,copenhagen,6,0
AliBaba-418,luxembourgish,paris,38,1
AliBaba-418,luxembourgish,paris,33,0
AliBaba-418,luxembourgish,paris,19,0
AliBaba-419,croatian,amsterdam,1,0
AliBaba-420,cypriot,paris,27,1
AliBaba-421,slovene,paris,2,0
AliBaba-422,french,rome,6,1
AliBaba-423,luxembourgish,copenhagen,33,1
AliBaba-423,luxembourgish,copenhagen,22,1
AliBaba-423,luxembourgish,copenhagen,10,0
AliBaba-424,romanian,vienna,23,0
AliBaba-424,romanian,vienna,20,1
AliBaba-425,luxembourgish,vienna,0,0
AliBaba-426,austrian,vienna,37,0
AliBaba-426,austrian,vienna,36,1
AliBaba-426,austrian,vienna,2,0
AliBaba-427,finnish,copenhagen,22,1
AliBaba-428,croatian,copenhagen,20,0
AliBaba-429,portuguese,rome,36,0
AliBaba-430,romanian,copenhagen,38,1
AliBaba-430,romanian,copenhagen,17,1
AliBaba-431,maltese,rome,44,0
AliBaba-431,maltese,rome,38,0
AliBaba-431,maltese,rome,9,0
AliBaba-432,polish,madrid,38,1
AliBaba-433,belgian,rome,21,1
AliBaba-434,romanian,copenhagen,34,0
AliBaba-435,spanish,sofia,5,1
AliBaba-436,slovakian,rome,6,1
AliBaba-437,estonian,paris,14,0
AliBaba-438,german,vilnius,7,1
AliBaba-439,bulgarian,copenhagen,44,0
AliBaba-439,bulgarian,copenhagen,44,0
AliBaba-439,bulgarian,copenhagen,1,1
AliBaba-440,croatian,paris,29,0
AliBaba-440,croatian,paris,13,1
AliBaba-440,croatian,paris,11,1
AliBaba-441,german,paris,32,0
AliBaba-441,german,paris,19,1
AliBaba-442,dutch,paris,43,0
AliBaba-442,dutch,paris,18,1
AliBaba-443,spanish,sofia,39,0
AliBaba-443,spanish,sofia,31,0
AliBaba-443,spanish,sofia,8,1
AliBaba-444,italian,sofia,3,1
AliBaba-445,lithuanian,valletta,25,1
AliBaba-445,lithuanian,valletta,18,1
AliBaba-446,austrian,paris,19,0
AliBaba-447,portuguese,madrid,0,0
AliBaba-447,portuguese,madrid,0,0
AliBaba-448,maltese,valletta,10,1
AliBaba-449,portuguese,paris,5,1
AliBaba-450,maltese,vilnius,31,0
AliBaba-450,maltese,vilnius,5,0
AliBaba-450,maltese,vilnius,5,1
AliBaba-451,luxembourgish,vilnius,42,1
AliBaba-451,luxembourgish,vilnius,40,1
AliBaba-451,luxembourgish,vilnius,11,1
AliBaba-451,luxembourgish,vilnius,11,1
AliBaba-451,luxembourgish,vilnius,6,0
AliBaba-452,danish,valletta,5,1
AliBaba-453,slovakian,madrid,12,0
AliBaba-454,danish,paris,27,1
AliBaba-455,croatian,sofia,12,1
AliBaba-455,croatian,sofia,4,1
AliBaba-455,croatian,sofia,1,1
AliBaba-456,german,rome,26,0
AliBaba-457,austrian,amsterdam,36,1
AliBaba-457,austrian,amsterdam,36,1
AliBaba-457,austrian,amsterdam,15,1
AliBaba-457,austrian,amsterdam,5,1
AliBaba-458,czech,sofia,41,0
AliBaba-458,czech,sofia,26,0
AliBaba-458,czech,sofia,9,0
AliBaba-459,french,vilnius,8,0
AliBaba-460,belgian,vilnius,39,0
AliBaba-460,belgian,vilnius,17,1
AliBaba-461,french,madrid,24,1
AliBaba-461,french,madrid,6,1
AliBaba-461,french,madrid,6,0
AliBaba-462,italian,madrid,16,1
AliBaba-462,italian,madrid,10,0
AliBaba-463,spanish,sofia,26,0
AliBaba-464,polish,vienna,39,0
AliBaba-464,polish,vienna,8,0
AliBaba-465,dutch,vilnius,30,1
AliBaba-465,dutch,vilnius,16,1
AliBaba-465,dutch,vilnius,6,1
AliBaba-466,portuguese,vilnius,29,1
AliBaba-467,romanian,copenhagen,9,0
AliBaba-467,romanian,copenhagen,6,0
AliBaba-468,hungarian,sofia,39,1
AliBaba-468,hungarian,sofia,19,1
AliBaba-469,austrian,paris,17,0
AliBaba-469,austrian,paris,16,0
AliBaba-469,austrian,paris,7,1
AliBaba-470,estonian,valletta,8,0
AliBaba-471,danish,copenhagen,28,0
AliBaba-472,spanish,paris,27,1
AliBaba-473,lithuanian,sofia,37,0
AliBaba-473,lithuanian,sofia,11,1
AliBaba-474,dutch,vilnius,36,1
AliBaba-474,dutch,vilnius,23,1
AliBaba-474,dutch,vilnius,4,0
AliBaba-475,croatian,paris,37,1
AliBaba-475,croatian,paris,37,1
AliBaba-475,croatian,paris,11,1
AliBaba-476,estonian,sofia,42,0
AliBaba-476,estonian,sofia,23,0
AliBaba-477,maltese,valletta,39,1
AliBaba-477,maltese,valletta,31,0
AliBaba-478,spanish,rome,31,0
AliBaba-479,swedish,vienna,42,0
AliBaba-479,swedish,vienna,39,0
AliBaba-479,swedish,vienna,23,0
AliBaba-479,swedish,vienna,22,1
AliBaba-480,belgian,madrid,12,0
AliBaba-480,belgian,madrid,12,0
AliBaba-481,estonian,copenhagen,18,0
AliBaba-481,estonian,copenhagen,5,0
AliBaba-482,german,copenhagen,19,0
AliBaba-482,german,copenhagen,5,0
AliBaba-483,finnish,paris,36,1
AliBaba-483,finnish,paris,27,0
AliBaba-483,finnish,paris,16,1
AliBaba-484,dutch,vienna,7,1
AliBaba-485,romanian,copenhagen,16,0
AliBaba-486,austrian,copenhagen,13,0
AliBaba-486,austrian,copenhagen,4,0
AliBaba-487,slovakian,valletta,37,0
AliBaba-487,slovakian,valletta,17,0
AliBaba-487,slovakian,valletta,13,1
AliBaba-488,croatian,valletta,0,0
AliBaba-489,slovakian,paris,39,0
AliBaba-489,slovakian,paris,17,1
AliBaba-489,slovakian,paris,14,0
AliBaba-489,slovakian,paris,4,0
AliBaba-490,austrian,copenhagen,36,1
AliBaba-490,austrian,copenhagen,21,1
AliBaba-491,romanian,rome,28,0
AliBaba-491,romanian,rome,13,1
AliBaba-491,romanian,rome,9,1
AliBaba-491,romanian,rome,9,0
AliBaba-492,estonian,vienna,37,1
AliBaba-492,estonian,vienna,24,0
AliBaba-493,portuguese,copenhagen,31,0
AliBaba-493,portuguese,copenhagen,30,1
AliBaba-493,portuguese,copenhagen,7,1
AliBaba-494,maltese,valletta,37,1
AliBaba-494,maltese,valletta,25,0
AliBaba-495,finnish,rome,25,1
AliBaba-496,french,vilnius,4,0
AliBaba-497,danish,sofia,30,0
AliBaba-497,danish,sofia,4,1
AliBaba-498,lithuanian,vilnius,11,1
AliBaba-499,cypriot,vienna,0,0
AliBaba-500,bulgarian,vilnius,11,1
AliBaba-501,portuguese,sofia,8,1
AliBaba-502,hungarian,copenhagen,13,0
AliBaba-503,finnish,sofia,42,1
AliBaba-503,finnish,sofia,42,1
AliBaba-503,finnish,sofia,22,0
AliBaba-503,finnish,sofia,9,0
AliBaba-504,estonian,sofia,14,0
AliBaba-505,lithuanian,sofia,6,1
AliBaba-506,danish,valletta,0,1
AliBaba-507,dutch,rome,8,0
AliBaba-508,luxembourgish,copenhagen,11,0
AliBaba-509,czech,vienna,9,1
AliBaba-509,czech,vienna,7,0
AliBaba-510,cypriot,copenhagen,4,1
AliBaba-511,finnish,sofia,36,0
AliBaba-511,finnish,sofia,11,1
AliBaba-512,maltese,paris,41,0
AliBaba-512,maltese,paris,12,0
AliBaba-513,italian,madrid,31,1
AliBaba-513,italian,madrid,2,1
AliBaba-514,german,sofia,18,0
AliBaba-515,maltese,valletta,16,1
AliBaba-515,maltese,valletta,4,1
AliBaba-516,swedish,madrid,16,0
AliBaba-517,luxembourgish,vilnius,6,1
AliBaba-518,bulgarian,vilnius,18,0
AliBaba-518,bulgarian,vilnius,13,0
AliBaba-518,bulgarian,vilnius,9,1
AliBaba-519,spanish,copenhagen,0,0
AliBaba-520,estonian,valletta,22,1
AliBaba-520,estonian,valletta,0,1
AliBaba-521,swedish,valletta,38,1
AliBaba-521,swedish,valletta,31,0
AliBaba-521,swedish,valletta,1,1
AliBaba-522,latvian,sofia,29,0
AliBaba-522,latvian,sofia,8,1
AliBaba-523,hungarian,paris,27,0
AliBaba-523,hungarian,paris,15,1
AliBaba-524,greek,madrid,36,0
AliBaba-524,greek,madrid,30,1
AliBaba-525,luxembourgish,vienna,21,0
AliBaba-526,austrian,rome,25,0
AliBaba-527,german,copenhagen,27,1
AliBaba-528,estonian,amsterdam,22,1
AliBaba-528,estonian,amsterdam,21,0
AliBaba-528,estonian,amsterdam,1,0
AliBaba-529,irish,vienna,9,1
AliBaba-530,swedish,copenhagen,16,0
AliBaba-531,maltese,madrid,14,1
AliBaba-532,luxembourgish,vienna,8,1
AliBaba-533,romanian,amsterdam,30,1
AliBaba-534,czech,vienna,7,0
AliBaba-535,swedish,madrid,23,0
AliBaba-536,czech,amsterdam,3,1
AliBaba-537,polish,paris,1,1
AliBaba-538,dutch,amsterdam,4,1
AliBaba-539,slovakian,amsterdam,17,1
AliBaba-539,slovakian,amsterdam,6,1
AliBaba-540,czech,madrid,30,1
AliBaba-540,czech,madrid,2,1
AliBaba-541,belgian,copenhagen,35,0
AliBaba-541,belgian,copenhagen,27,0
AliBaba-542,maltese,paris,16,0
AliBaba-543,austrian,amsterdam,36,0
AliBaba-544,romanian,madrid,40,1
AliBaba-544,romanian,madrid,28,1
AliBaba-545,belgian,copenhagen,2,0
AliBaba-546,german,amsterdam,25,0
AliBaba-546,german,amsterdam,15,1
AliBaba-547,portuguese,amsterdam,24,1
AliBaba-547,portuguese,amsterdam,5,1
AliBaba-548,croatian,copenhagen,30,0
AliBaba-548,croatian,copenhagen,26,0
AliBaba-549,danish,paris,4,0
AliBaba-550,irish,amsterdam,30,0
AliBaba-550,irish,amsterdam,24,0
AliBaba-550,irish,amsterdam,7,0
AliBaba-550,irish,amsterdam,5,1
AliBaba-551,spanish,amsterdam,7,1
AliBaba-552,finnish,vienna,33,1
AliBaba-552,danish,sofia,22,1
AliBaba-553,french,madrid,3,0
AliBaba-554,danish,sofia,25,0
AliBaba-554,danish,sofia,8,1
AliBaba-555,czech,sofia,17,1
AliBaba-556,maltese,valletta,21,0
AliBaba-556,maltese,valletta,19,0
AliBaba-556,maltese,valletta,12,1
AliBaba-557,polish,vilnius,17,0
AliBaba-557,polish,vilnius,13,0
AliBaba-558,french,vienna,11,1
AliBaba-559,slovakian,copenhagen,22,0
AliBaba-560,latvian,valletta,44,1
AliBaba-560,latvian,valletta,13,1
AliBaba-561,estonian,amsterdam,12,1
AliBaba-562,belgian,rome,18,0
AliBaba-562,belgian,rome,14,0
AliBaba-563,romanian,vienna,43,0
AliBaba-563,romanian,vienna,34,0
AliBaba-563,romanian,vienna,13,0
AliBaba-564,italian,amsterdam,13,1
AliBaba-565,czech,madrid,38,1
AliBaba-565,czech,madrid,26,1
AliBaba-565,czech,madrid,0,0
AliBaba-565,czech,madrid,0,1
AliBaba-566,slovene,copenhagen,16,1
AliBaba-567,hungarian,sofia,38,0
AliBaba-567,hungarian,sofia,12,0
AliBaba-567,hungarian,sofia,12,1
AliBaba-567,hungarian,sofia,6,1
AliBaba-568,maltese,rome,13,1
AliBaba-569,estonian,sofia,7,1
AliBaba-570,irish,paris,8,0
AliBaba-571,slovene,vilnius,31,0
AliBaba-572,czech,copenhagen,36,1
AliBaba-572,czech,copenhagen,34,0
AliBaba-573,french,vienna,24,0
AliBaba-573,french,vienna,12,1
AliBaba-574,finnish,sofia,12,1
AliBaba-575,bulgarian,rome,4,1
AliBaba-576,spanish,copenhagen,9,1
AliBaba-577,irish,vilnius,28,1
AliBaba-578,swedish,copenhagen,4,0
AliBaba-579,croatian,paris,40,0
AliBaba-579,croatian,paris,3,0
AliBaba-580,swedish,sofia,15,1
AliBaba-581,slovene,sofia,35,1
AliBaba-581,slovene,sofia,0,1
AliBaba-582,swedish,valletta,7,1
AliBaba-583,cypriot,paris,1,0
AliBaba-584,finnish,rome,1,1
AliBaba-585,hungarian,rome,43,1
AliBaba-585,hungarian,rome,42,0
AliBaba-585,hungarian,rome,1,1
AliBaba-586,slovakian,copenhagen,11,0
AliBaba-587,danish,vienna,37,1
AliBaba-587,danish,vienna,26,1
AliBaba-587,danish,vienna,2,1
AliBaba-588,german,paris,31,0
AliBaba-588,german,paris,12,1
AliBaba-589,irish,paris,7,1
AliBaba-590,spanish,amsterdam,19,0
AliBaba-590,spanish,amsterdam,18,1
AliBaba-590,spanish,amsterdam,16,0
AliBaba-591,estonian,vilnius,31,1
AliBaba-592,czech,sofia,5,1
AliBaba-593,maltese,amsterdam,11,0
AliBaba-593,maltese,amsterdam,11,1
AliBaba-594,latvian,sofia,34,1
AliBaba-594,latvian,sofia,8,1
AliBaba-595,greek,rome,12,0
AliBaba-595,greek,rome,9,1
AliBaba-596,portuguese,amsterdam,39,0
AliBaba-597,luxembourgish,rome,33,0
AliBaba-597,luxembourgish,rome,30,1
AliBaba-598,lithuanian,copenhagen,6,0
AliBaba-599,polish,vienna,25,1
AliBaba-600,italian,amsterdam,11,0
AliBaba-600,italian,amsterdam,6,1
AliBaba-600,italian,amsterdam,3,0
AliBaba-601,slovakian,sofia,26,0
AliBaba-601,slovakian,sofia,20,0
AliBaba-602,swedish,copenhagen,5,1
AliBaba-603,portuguese,paris,28,1
AliBaba-604,belgian,valletta,12,1
AliBaba-604,belgian,valletta,5,1
AliBaba-605,belgian,paris,40,0
AliBaba-605,belgian,paris,32,0
AliBaba-605,belgian,paris,5,0
AliBaba-606,swedish,valletta,30,1
AliBaba-606,swedish,valletta,15,0
AliBaba-606,swedish,valletta,13,0
AliBaba-607,croatian,vienna,31,0
AliBaba-607,croatian,vienna,7,0
AliBaba-607,croatian,vienna,5,1
AliBaba-608,romanian,copenhagen,44,0
AliBaba-608,romanian,copenhagen,18,0
AliBaba-609,lithuanian,madrid,41,0
AliBaba-609,lithuanian,madrid,36,1
AliBaba-609,lithuanian,madrid,0,1
AliBaba-610,croatian,valletta,9,1
AliBaba-610,croatian,valletta,4,0
AliBaba-611,finnish,madrid,14,1
AliBaba-612,swedish,copenhagen,43,0
AliBaba-612,swedish,copenhagen,29,1
AliBaba-613,belgian,copenhagen,25,0
AliBaba-614,luxembourgish,madrid,23,1
AliBaba-614,luxembourgish,madrid,13,0
AliBaba-615,austrian,copenhagen,40,1
AliBaba-615,austrian,copenhagen,37,0
AliBaba-615,austrian,copenhagen,16,1
AliBaba-615,austrian,copenhagen,8,1
AliBaba-615,austrian,copenhagen,8,1
AliBaba-616,danish,paris,17,1
AliBaba-617,romanian,madrid,27,0
AliBaba-617,romanian,madrid,23,0
AliBaba-618,polish,vienna,24,0
AliBaba-618,polish,vienna,20,0
AliBaba-619,dutch,rome,9,0
AliBaba-620,lithuanian,rome,44,1
AliBaba-620,lithuanian,rome,43,0
AliBaba-620,lithuanian,rome,14,0
AliBaba-621,italian,madrid,18,0
AliBaba-621,italian,madrid,4,0
AliBaba-622,dutch,vilnius,29,1
AliBaba-622,dutch,vilnius,29,0
AliBaba-622,dutch,vilnius,14,0
AliBaba-623,latvian,amsterdam,18,0
AliBaba-624,austrian,valletta,25,0
AliBaba-624,austrian,valletta,15,0
AliBaba-625,luxembourgish,rome,11,1
AliBaba-626,danish,vienna,12,1
AliBaba-626,danish,vienna,9,1
AliBaba-626,danish,vienna,7,0
AliBaba-627,latvian,vilnius,22,1
AliBaba-628,german,valletta,8,0
AliBaba-629,latvian,valletta,9,0
AliBaba-630,dutch,amsterdam,2,1
AliBaba-631,cypriot,vienna,37,1
AliBaba-631,cypriot,vienna,32,1
AliBaba-632,greek,paris,17,0
AliBaba-632,greek,paris,16,0
AliBaba-633,portuguese,copenhagen,20,0
AliBaba-634,dutch,valletta,0,0
AliBaba-635,latvian,sofia,41,1
AliBaba-635,latvian,sofia,6,1
AliBaba-636,romanian,valletta,31,0
AliBaba-636,romanian,valletta,21,1
AliBaba-637,greek,vilnius,23,1
AliBaba-638,slovene,valletta,30,0
AliBaba-639,latvian,sofia,26,0
AliBaba-639,latvian,sofia,26,0
AliBaba-639,latvian,sofia,7,0
AliBaba-640,hungarian,sofia,31,0
AliBaba-640,hungarian,sofia,6,1
AliBaba-640,hungarian,sofia,4,0
AliBaba-641,lithuanian,valletta,9,1
AliBaba-642,dutch,amsterdam,1,0
AliBaba-642,dutch,amsterdam,0,0
AliBaba-643,cypriot,paris,25,1
AliBaba-644,portuguese,amsterdam,34,1
AliBaba-644,portuguese,amsterdam,12,0
AliBaba-645,swedish,paris,18,0
AliBaba-646,luxembourgish,madrid,27,1
AliBaba-646,luxembourgish,madrid,13,0
AliBaba-646,luxembourgish,madrid,2,1
AliBaba-647,hungarian,copenhagen,30,0
AliBaba-648,austrian,rome,33,0
AliBaba-649,italian,amsterdam,8,0
AliBaba-650,italian,copenhagen,11,1
AliBaba-651,belgian,sofia,39,1
AliBaba-651,belgian,sofia,7,1
AliBaba-652,italian,paris,12,0
AliBaba-653,hungarian,vienna,25,0
AliBaba-653,hungarian,vienna,0,1
AliBaba-654,hungarian,madrid,17,1
AliBaba-654,hungarian,madrid,11,0
AliBaba-655,croatian,sofia,13,0
AliBaba-656,greek,madrid,4,1
AliBaba-657,belgian,copenhagen,2,1
AliBaba-658,dutch,sofia,29,1
AliBaba-658,dutch,sofia,28,1
AliBaba-658,dutch,sofia,5,0
AliBaba-658,dutch,sofia,4,1
AliBaba-659,belgian,madrid,29,1
AliBaba-660,maltese,vilnius,16,1
AliBaba-661,slovakian,vienna,35,1
AliBaba-661,slovakian,vienna,35,1
AliBaba-662,cypriot,madrid,31,1
AliBaba-663,slovene,sofia,40,0
AliBaba-663,slovene,sofia,1,1
AliBaba-664,czech,madrid,14,0
AliBaba-665,dutch,rome,40,1
AliBaba-665,dutch,rome,28,0
AliBaba-665,dutch,rome,16,0
AliBaba-666,cypriot,vienna,44,0
AliBaba-666,cypriot,vienna,5,0
AliBaba-666,cypriot,vienna,2,1
AliBaba-667,bulgarian,paris,23,1
AliBaba-668,luxembourgish,sofia,4,0
AliBaba-669,romanian,vilnius,5,0
AliBaba-670,austrian,valletta,5,1
AliBaba-671,italian,paris,20,0
AliBaba-672,french,paris,33,0
AliBaba-672,french,paris,18,1
AliBaba-672,french,paris,7,0
AliBaba-672,french,paris,0,1
AliBaba-673,estonian,valletta,36,1
AliBaba-673,estonian,valletta,25,1
AliBaba-674,greek,amsterdam,17,0
AliBaba-674,greek,amsterdam,17,1
AliBaba-674,greek,amsterdam,13,1
AliBaba-674,greek,amsterdam,11,1
AliBaba-674,greek,amsterdam,5,0
AliBaba-674,greek,amsterdam,3,0
AliBaba-675,romanian,rome,3,0
AliBaba-676,irish,vienna,40,1
AliBaba-676,irish,vienna,26,1
AliBaba-677,slovene,vienna,9,0
AliBaba-678,irish,amsterdam,14,0
AliBaba-679,danish,madrid,6,0
AliBaba-680,belgian,rome,20,0
AliBaba-680,belgian,rome,3,1
AliBaba-681,austrian,copenhagen,19,1
AliBaba-681,austrian,copenhagen,14,1
AliBaba-682,french,madrid,24,1
AliBaba-683,estonian,vienna,28,1
AliBaba-684,spanish,amsterdam,20,0
AliBaba-685,slovene,amsterdam,3,1
AliBaba-686,finnish,vienna,21,0
AliBaba-687,portuguese,vilnius,14,1
AliBaba-687,portuguese,vilnius,11,1
AliBaba-688,swedish,sofia,41,0
AliBaba-688,swedish,sofia,18,1
AliBaba-688,swedish,sofia,11,1
AliBaba-689,french,copenhagen,2,1
AliBaba-690,swedish,valletta,12,0
AliBaba-691,danish,madrid,39,1
AliBaba-691,danish,madrid,10,0
AliBaba-691,danish,madrid,4,1
AliBaba-691,danish,madrid,3,1
AliBaba-692,cypriot,copenhagen,8,0
AliBaba-693,estonian,rome,15,1
AliBaba-694,greek,sofia,33,0
AliBaba-695,lithuanian,paris,0,1
AliBaba-696,german,vienna,5,1
AliBaba-697,dutch,vilnius,26,1
AliBaba-698,spanish,copenhagen,41,1
AliBaba-698,spanish,copenhagen,1,0
AliBaba-699,danish,vilnius,36,0
AliBaba-700,french,valletta,20,0
AliBaba-701,cypriot,paris,5,1
AliBaba-702,dutch,amsterdam,5,0
AliBaba-703,hungarian,amsterdam,26,0
AliBaba-703,hungarian,amsterdam,0,0
AliBaba-704,danish,madrid,40,1
AliBaba-704,danish,madrid,7,0
AliBaba-705,estonian,copenhagen,21,0
AliBaba-705,estonian,copenhagen,4,1
AliBaba-706,slovakian,copenhagen,20,1
AliBaba-706,slovakian,copenhagen,4,1
AliBaba-707,polish,paris,12,1
AliBaba-708,swedish,amsterdam,12,1
AliBaba-708,swedish,amsterdam,2,1
AliBaba-709,irish,valletta,24,0
AliBaba-709,irish,valletta,10,1
AliBaba-710,luxembourgish,rome,8,1
AliBaba-711,hungarian,vilnius,10,1
AliBaba-711,hungarian,vilnius,9,0
AliBaba-711,hungarian,vilnius,9,0
AliBaba-712,dutch,vienna,9,1
AliBaba-713,portuguese,valletta,4,1
AliBaba-714,bulgarian,vienna,13,0
AliBaba-715,austrian,valletta,15,1
AliBaba-716,polish,sofia,28,0
AliBaba-717,belgian,vilnius,5,1
AliBaba-717,belgian,vilnius,3,0
AliBaba-718,lithuanian,sofia,17,0
AliBaba-718,lithuanian,sofia,7,0
AliBaba-719,bulgarian,vienna,37,0
AliBaba-719,bulgarian,vienna,20,1
AliBaba-720,latvian,sofia,36,1
AliBaba-721,french,vilnius,26,0
AliBaba-721,french,vilnius,8,0
AliBaba-722,lithuanian,vilnius,30,0
AliBaba-722,lithuanian,vilnius,13,1
AliBaba-723,swedish,amsterdam,41,1
AliBaba-723,swedish,amsterdam,34,1
AliBaba-723,swedish,amsterdam,18,0
AliBaba-724,hungarian,vilnius,32,0
AliBaba-724,hungarian,vilnius,6,0
AliBaba-725,slovene,rome,28,1
AliBaba-725,slovene,rome,17,0
AliBaba-726,finnish,amsterdam,16,0
AliBaba-726,finnish,amsterdam,4,0
AliBaba-727,danish,copenhagen,42,0
AliBaba-727,danish,copenhagen,15,0
AliBaba-728,finnish,paris,15,1
AliBaba-728,finnish,paris,14,1
AliBaba-729,hungarian,valletta,36,0
AliBaba-729,hungarian,valletta,1,1
AliBaba-729,hungarian,valletta,0,1
AliBaba-730,lithuanian,sofia,14,1
AliBaba-730,lithuanian,sofia,10,1
AliBaba-730,lithuanian,sofia,4,1
AliBaba-731,belgian,vilnius,5,0
AliBaba-732,german,paris,1,0
AliBaba-733,lithuanian,vilnius,42,1
AliBaba-733,lithuanian,vilnius,31,0
AliBaba-733,lithuanian,vilnius,9,1
AliBaba-734,lithuanian,rome,38,1
AliBaba-734,lithuanian,rome,1,1
AliBaba-735,slovene,valletta,32,0
AliBaba-736,french,rome,11,1
AliBaba-737,lithuanian,paris,23,0
AliBaba-738,czech,valletta,2,0
AliBaba-739,greek,vienna,6,0
AliBaba-740,italian,rome,3,0
AliBaba-741,swedish,madrid,27,1
AliBaba-742,romanian,paris,20,0
AliBaba-743,estonian,amsterdam,37,1
AliBaba-744,danish,vienna,41,1
AliBaba-744,danish,vienna,36,1
AliBaba-744,danish,vienna,36,0
AliBaba-744,danish,vienna,30,1
AliBaba-744,danish,vienna,24,1
AliBaba-744,danish,vienna,7,0
AliBaba-745,spanish,vienna,20,1
AliBaba-745,spanish,vienna,15,0
AliBaba-746,irish,madrid,43,0
AliBaba-746,irish,madrid,2,1
AliBaba-747,greek,valletta,15,0
AliBaba-747,greek,valletta,8,0
AliBaba-747,greek,valletta,1,0
AliBaba-748,portuguese,rome,37,0
AliBaba-748,portuguese,rome,7,1
AliBaba-749,finnish,vilnius,29,0
AliBaba-750,portuguese,sofia,24,1
AliBaba-750,portuguese,sofia,21,0
AliBaba-750,portuguese,sofia,4,1
AliBaba-751,croatian,vienna,20,0
AliBaba-752,lithuanian,sofia,6,0
AliBaba-753,austrian,madrid,38,0
AliBaba-753,austrian,madrid,14,0
AliBaba-754,maltese,valletta,31,0
AliBaba-755,luxembourgish,madrid,37,1
AliBaba-755,luxembourgish,madrid,28,1
AliBaba-755,luxembourgish,madrid,1,0
AliBaba-756,polish,vilnius,39,1
AliBaba-756,polish,vilnius,9,1
AliBaba-757,portuguese,vilnius,30,1
AliBaba-758,danish,paris,3,0
AliBaba-759,croatian,rome,39,0
AliBaba-760,polish,paris,13,1
AliBaba-761,croatian,paris,30,0
AliBaba-761,croatian,paris,25,1
AliBaba-761,croatian,paris,2,1
AliBaba-762,dutch,sofia,30,0
AliBaba-763,austrian,rome,12,1
AliBaba-763,austrian,rome,11,0
AliBaba-764,irish,amsterdam,44,1
AliBaba-764,irish,amsterdam,23,0
AliBaba-765,polish,vienna,26,0
AliBaba-765,polish,vienna,24,1
AliBaba-766,irish,amsterdam,36,0
AliBaba-766,irish,amsterdam,3,1
AliBaba-767,french,madrid,7,0
AliBaba-768,dutch,rome,19,0
AliBaba-768,dutch,rome,12,1
AliBaba-769,irish,sofia,22,0
AliBaba-769,irish,sofia,3,0
AliBaba-770,spanish,amsterdam,21,1
AliBaba-771,slovakian,valletta,3,0
AliBaba-772,romanian,rome,11,1
AliBaba-773,dutch,sofia,36,0
AliBaba-773,dutch,sofia,24,1
AliBaba-773,dutch,sofia,20,1
AliBaba-773,dutch,sofia,1,1
AliBaba-774,croatian,paris,39,0
AliBaba-774,croatian,paris,2,0
AliBaba-775,spanish,valletta,24,0
AliBaba-775,spanish,valletta,6,0
AliBaba-776,luxembourgish,amsterdam,5,1
AliBaba-777,belgian,sofia,8,1
AliBaba-778,polish,vienna,7,0
AliBaba-779,latvian,vilnius,39,0
AliBaba-779,latvian,vilnius,5,1
AliBaba-780,german,vienna,10,1
AliBaba-781,estonian,madrid,4,1
AliBaba-782,croatian,madrid,12,0
AliBaba-783,croatian,valletta,4,0
AliBaba-784,polish,madrid,31,0
AliBaba-784,polish,madrid,20,0
AliBaba-784,polish,madrid,13,1
AliBaba-785,irish,valletta,23,0
AliBaba-785,irish,valletta,20,0
AliBaba-785,irish,valletta,3,0
AliBaba-785,irish,valletta,2,0
AliBaba-786,portuguese,amsterdam,31,0
AliBaba-786,portuguese,amsterdam,9,0
AliBaba-787,irish,paris,39,0
AliBaba-787,irish,paris,35,0
AliBaba-788,czech,amsterdam,41,0
AliBaba-788,czech,amsterdam,22,1
AliBaba-789,bulgarian,valletta,7,0
AliBaba-790,luxembourgish,copenhagen,37,1
AliBaba-790,luxembourgish,copenhagen,27,1
AliBaba-790,luxembourgish,copenhagen,4,1
AliBaba-791,italian,madrid,13,1
AliBaba-791,italian,madrid,1,0
AliBaba-792,danish,rome,0,1
AliBaba-793,estonian,vilnius,35,1
AliBaba-793,estonian,vilnius,33,1
AliBaba-794,belgian,madrid,27,1
AliBaba-794,belgian,madrid,4,1
AliBaba-795,danish,paris,4,0
AliBaba-796,maltese,vienna,40,0
AliBaba-796,maltese,vienna,13,0
AliBaba-796,maltese,vienna,3,0
AliBaba-797,belgian,rome,5,0
AliBaba-798,dutch,copenhagen,22,0
AliBaba-799,czech,amsterdam,29,1
AliBaba-799,czech,amsterdam,24,1
AliBaba-799,czech,amsterdam,18,1
AliBaba-800,estonian,vienna,30,1
AliBaba-800,estonian,vienna,26,1
AliBaba-800,estonian,vienna,18,1
AliBaba-800,estonian,vienna,11,0
AliBaba-801,romanian,vilnius,13,0
AliBaba-802,polish,rome,9,0
AliBaba-803,slovene,valletta,21,1
AliBaba-804,italian,amsterdam,12,0
AliBaba-804,italian,amsterdam,7,1
AliBaba-805,spanish,valletta,23,1
AliBaba-806,greek,copenhagen,8,0
AliBaba-807,swedish,vienna,0,0
AliBaba-808,german,valletta,22,0
AliBaba-808,german,valletta,17,0
AliBaba-808,german,valletta,17,1
AliBaba-808,german,valletta,11,1
AliBaba-809,italian,madrid,11,1
AliBaba-809,italian,madrid,8,0
AliBaba-810,french,vilnius,20,0
AliBaba-810,french,vilnius,14,1
AliBaba-810,french,vilnius,14,1
AliBaba-810,french,vilnius,6,1
AliBaba-811,czech,vilnius,9,1
AliBaba-811,czech,vilnius,8,0
AliBaba-812,croatian,madrid,41,0
AliBaba-812,croatian,madrid,23,0
AliBaba-813,portuguese,vienna,29,1
AliBaba-813,portuguese,vienna,22,1
AliBaba-814,french,rome,3,1
AliBaba-815,croatian,sofia,38,0
AliBaba-815,croatian,sofia,3,0
AliBaba-816,slovakian,copenhagen,44,1
AliBaba-816,slovakian,copenhagen,4,0
AliBaba-817,portuguese,valletta,27,1
AliBaba-817,portuguese,valletta,23,0
AliBaba-817,portuguese,valletta,14,0
AliBaba-818,estonian,madrid,17,0
AliBaba-818,estonian,madrid,16,1
AliBaba-819,italian,madrid,26,0
AliBaba-819,italian,madrid,20,0
AliBaba-819,italian,madrid,15,1
AliBaba-820,estonian,vienna,35,1
AliBaba-820,estonian,vienna,27,1
AliBaba-820,estonian,vienna,19,0
AliBaba-820,estonian,vienna,14,0
AliBaba-821,swedish,vilnius,1,0
AliBaba-822,french,sofia,20,0
AliBaba-822,french,sofia,18,1
AliBaba-823,german,valletta,36,1
AliBaba-823,german,valletta,27,0
AliBaba-823,german,valletta,19,1
AliBaba-824,lithuanian,sofia,39,0
AliBaba-824,lithuanian,sofia,37,1
AliBaba-824,lithuanian,sofia,27,1
AliBaba-825,greek,vienna,19,0
AliBaba-825,greek,vienna,16,1
AliBaba-825,greek,vienna,10,1
AliBaba-826,maltese,sofia,5,1
AliBaba-827,portuguese,rome,1,1
AliBaba-828,swedish,paris,27,0
AliBaba-829,slovakian,vilnius,0,1
AliBaba-830,polish,amsterdam,20,0
AliBaba-830,polish,amsterdam,16,1
AliBaba-830,polish,amsterdam,12,0
AliBaba-831,estonian,vienna,41,0
AliBaba-831,estonian,vienna,24,0
AliBaba-831,estonian,vienna,12,1
AliBaba-832,austrian,copenhagen,44,0
AliBaba-832,austrian,copenhagen,25,0
AliBaba-833,danish,copenhagen,22,0
AliBaba-833,danish,copenhagen,17,1
AliBaba-834,estonian,valletta,39,0
AliBaba-835,swedish,rome,17,0
AliBaba-836,polish,rome,15,0
AliBaba-837,cypriot,rome,35,1
AliBaba-837,cypriot,rome,24,0
AliBaba-837,cypriot,rome,11,0
AliBaba-838,finnish,vilnius,34,0
AliBaba-839,latvian,vienna,30,0
AliBaba-839,latvian,vienna,5,0
AliBaba-840,slovakian,copenhagen,2,1
AliBaba-841,belgian,copenhagen,31,0
AliBaba-842,polish,valletta,13,0
AliBaba-843,danish,amsterdam,22,1
AliBaba-844,greek,sofia,20,1
AliBaba-845,cypriot,paris,31,1
AliBaba-845,cypriot,paris,29,1
AliBaba-845,cypriot,paris,14,1
AliBaba-846,german,valletta,21,1
AliBaba-846,german,valletta,5,1
AliBaba-847,portuguese,paris,10,0
AliBaba-848,maltese,copenhagen,34,1
AliBaba-849,dutch,madrid,42,1
AliBaba-849,dutch,madrid,33,0
AliBaba-849,dutch,madrid,15,1
AliBaba-849,dutch,madrid,13,0
AliBaba-850,hungarian,vienna,43,0
AliBaba-850,hungarian,vienna,6,0
AliBaba-851,croatian,vienna,9,1
AliBaba-852,slovene,amsterdam,10,1
AliBaba-853,czech,rome,11,0
AliBaba-853,czech,rome,10,0
AliBaba-854,polish,amsterdam,27,0
AliBaba-854,polish,amsterdam,15,1
AliBaba-855,german,madrid,36,0
AliBaba-855,german,madrid,11,1
AliBaba-856,portuguese,rome,16,1
AliBaba-857,lithuanian,rome,34,0
AliBaba-857,lithuanian,rome,28,0
AliBaba-857,lithuanian,rome,12,0
AliBaba-857,lithuanian,rome,10,0
AliBaba-858,slovene,sofia,43,0
AliBaba-858,slovene,sofia,9,0
AliBaba-859,cypriot,madrid,7,1
AliBaba-860,luxembourgish,vilnius,16,1
AliBaba-860,luxembourgish,vilnius,12,1
AliBaba-860,luxembourgish,vilnius,12,0
AliBaba-861,maltese,copenhagen,34,1
AliBaba-861,maltese,copenhagen,14,0
AliBaba-862,belgian,sofia,10,0
AliBaba-862,belgian,sofia,9,0
AliBaba-862,belgian,sofia,9,0
AliBaba-863,maltese,madrid,35,0
AliBaba-863,maltese,madrid,23,0
AliBaba-864,croatian,vilnius,17,0
AliBaba-865,danish,rome,29,1
AliBaba-865,danish,rome,19,1
AliBaba-865,danish,rome,12,1
AliBaba-866,greek,rome,26,0
AliBaba-867,greek,copenhagen,26,0
AliBaba-867,greek,copenhagen,4,1
AliBaba-868,maltese,sofia,30,1
AliBaba-869,romanian,sofia,2,1
AliBaba-870,finnish,vienna,4,1
AliBaba-871,slovakian,copenhagen,39,0
AliBaba-871,slovakian,copenhagen,18,0
AliBaba-872,luxembourgish,copenhagen,12,0
AliBaba-873,slovakian,valletta,10,0
AliBaba-874,polish,paris,40,1
AliBaba-874,polish,paris,35,1
AliBaba-874,polish,paris,35,1
AliBaba-874,polish,paris,20,0
AliBaba-874,polish,paris,9,1
AliBaba-875,swedish,vienna,22,1
AliBaba-875,swedish,vienna,3,1
AliBaba-876,finnish,amsterdam,27,0
AliBaba-876,finnish,amsterdam,1,0
AliBaba-876,finnish,amsterdam,1,1
AliBaba-877,slovakian,vienna,41,1
AliBaba-877,slovakian,vienna,16,0
AliBaba-878,dutch,copenhagen,7,1
AliBaba-878,dutch,copenhagen,4,1
AliBaba-878,dutch,copenhagen,2,1
AliBaba-879,french,sofia,37,0
AliBaba-880,lithuanian,sofia,14,0
AliBaba-880,lithuanian,sofia,12,1
AliBaba-880,lithuanian,sofia,1,1
AliBaba-881,danish,paris,42,1
AliBaba-881,danish,paris,1,0
AliBaba-882,swedish,copenhagen,4,0
AliBaba-883,portuguese,valletta,32,0
AliBaba-883,portuguese,valletta,30,0
AliBaba-883,portuguese,valletta,6,0
AliBaba-883,portuguese,valletta,0,1
AliBaba-884,latvian,rome,36,1
AliBaba-884,latvian,rome,36,1
AliBaba-885,austrian,rome,20,0
AliBaba-886,french,vilnius,19,1
AliBaba-887,spanish,vienna,39,1
AliBaba-887,spanish,vienna,19,0
AliBaba-888,hungarian,valletta,33,0
AliBaba-888,hungarian,valletta,21,0
AliBaba-888,hungarian,valletta,21,0
AliBaba-889,belgian,rome,19,0
AliBaba-889,belgian,rome,6,0
AliBaba-889,belgian,rome,4,1
AliBaba-890,czech,valletta,35,1
AliBaba-890,czech,valletta,3,0
AliBaba-891,danish,rome,42,1
AliBaba-891,danish,rome,2,1
AliBaba-892,dutch,valletta,26,1
AliBaba-893,romanian,amsterdam,22,0
AliBaba-894,hungarian,amsterdam,0,1
AliBaba-895,hungarian,vienna,44,1
AliBaba-895,hungarian,vienna,28,1
AliBaba-895,hungarian,vienna,13,1
AliBaba-896,polish,amsterdam,5,0
AliBaba-896,polish,amsterdam,0,0
AliBaba-897,bulgarian,amsterdam,38,1
AliBaba-898,dutch,madrid,37,1
AliBaba-898,dutch,madrid,29,1
AliBaba-899,croatian,rome,9,1
AliBaba-900,german,valletta,42,1
AliBaba-900,german,valletta,38,0
AliBaba-900,german,valletta,21,1
AliBaba-901,spanish,vienna,15,1
AliBaba-901,spanish,vienna,3,0
AliBaba-902,czech,copenhagen,38,1
AliBaba-902,czech,copenhagen,15,1
AliBaba-902,czech,copenhagen,4,0
AliBaba-902,czech,copenhagen,2,0
AliBaba-903,french,paris,34,1
AliBaba-903,french,paris,10,1
AliBaba-903,french,paris,9,0
AliBaba-904,czech,madrid,1,1
AliBaba-905,italian,vienna,29,1
AliBaba-905,italian,vienna,17,1
AliBaba-905,italian,vienna,0,1
AliBaba-906,luxembourgish,vienna,1,0
AliBaba-907,cypriot,amsterdam,24,1
AliBaba-907,cypriot,amsterdam,2,1
AliBaba-908,slovakian,paris,30,1
AliBaba-909,irish,copenhagen,27,1
AliBaba-910,swedish,amsterdam,11,1
AliBaba-911,polish,sofia,41,0
AliBaba-911,polish,sofia,10,1
AliBaba-912,finnish,vilnius,5,1
AliBaba-913,finnish,sofia,26,0
AliBaba-914,french,paris,33,1
AliBaba-914,french,paris,6,0
AliBaba-915,finnish,valletta,3,0
AliBaba-916,romanian,valletta,40,1
AliBaba-916,romanian,valletta,33,0
AliBaba-917,lithuanian,madrid,32,0
AliBaba-917,lithuanian,madrid,1,1
AliBaba-917,lithuanian,madrid,0,0
AliBaba-918,greek,vilnius,8,0
AliBaba-919,italian,vienna,25,1
AliBaba-920,greek,vienna,28,1
AliBaba-920,greek,vienna,19,1
AliBaba-920,greek,vienna,5,1
AliBaba-921,latvian,copenhagen,42,0
AliBaba-922,portuguese,paris,35,0
AliBaba-922,portuguese,paris,1,0
AliBaba-923,bulgarian,madrid,36,1
AliBaba-923,bulgarian,madrid,26,1
AliBaba-923,bulgarian,madrid,25,1
AliBaba-923,bulgarian,madrid,22,0
AliBaba-924,slovene,sofia,12,1
AliBaba-925,greek,vienna,15,0
AliBaba-926,polish,sofia,22,0
AliBaba-926,polish,sofia,13,1
AliBaba-926,polish,sofia,4,0
AliBaba-927,spanish,copenhagen,8,0
AliBaba-928,estonian,vilnius,2,1
AliBaba-929,croatian,vienna,1,1
AliBaba-930,latvian,amsterdam,40,1
AliBaba-930,latvian,amsterdam,23,0
AliBaba-931,swedish,vienna,12,1
AliBaba-932,french,vilnius,8,1
AliBaba-933,italian,vienna,38,0
AliBaba-933,italian,vienna,4,0
AliBaba-934,latvian,amsterdam,30,1
AliBaba-934,latvian,amsterdam,21,1
AliBaba-934,latvian,amsterdam,12,1
AliBaba-934,latvian,amsterdam,7,1
AliBaba-935,dutch,vienna,21,1
AliBaba-936,slovakian,vienna,4,0
AliBaba-937,polish,sofia,27,0
AliBaba-937,polish,sofia,16,1
AliBaba-938,cypriot,amsterdam,12,1
AliBaba-939,italian,copenhagen,33,0
AliBaba-940,italian,paris,10,0
AliBaba-940,italian,paris,7,0
AliBaba-941,swedish,copenhagen,15,0
AliBaba-941,swedish,copenhagen,2,0
AliBaba-942,hungarian,valletta,23,1
AliBaba-943,swedish,rome,23,1
AliBaba-944,latvian,vilnius,44,0
AliBaba-944,latvian,vilnius,4,1
AliBaba-944,latvian,vilnius,1,1
AliBaba-945,irish,sofia,10,0
AliBaba-946,portuguese,valletta,30,0
AliBaba-946,portuguese,valletta,18,1
AliBaba-947,estonian,rome,31,1
AliBaba-947,estonian,rome,27,1
AliBaba-948,german,valletta,32,1
AliBaba-948,german,valletta,31,0
AliBaba-948,german,valletta,29,0
AliBaba-949,latvian,sofia,10,0
AliBaba-950,greek,sofia,11,0
AliBaba-951,greek,madrid,1,1
AliBaba-952,austrian,sofia,25,1
AliBaba-952,austrian,sofia,25,0
AliBaba-952,austrian,sofia,12,1
AliBaba-952,austrian,sofia,8,1
AliBaba-953,italian,madrid,14,1
AliBaba-953,italian,madrid,7,0
AliBaba-954,maltese,paris,9,0
AliBaba-955,portuguese,vienna,33,0
AliBaba-955,portuguese,vienna,7,1
AliBaba-955,portuguese,vienna,2,0
AliBaba-956,austrian,paris,17,1
AliBaba-957,lithuanian,rome,24,1
AliBaba-957,lithuanian,rome,4,0
AliBaba-958,portuguese,sofia,2,0
AliBaba-959,romanian,vienna,28,1
AliBaba-959,romanian,vienna,26,1
AliBaba-959,romanian,vienna,12,0
AliBaba-960,irish,amsterdam,30,1
AliBaba-960,irish,amsterdam,3,1
AliBaba-961,latvian,amsterdam,0,0
AliBaba-962,austrian,vilnius,2,1
AliBaba-963,french,paris,39,1
AliBaba-963,french,paris,9,1
AliBaba-964,german,vilnius,32,0
AliBaba-965,belgian,vienna,40,0
AliBaba-965,belgian,vienna,23,1
AliBaba-966,german,amsterdam,13,1
AliBaba-967,romanian,paris,28,1
AliBaba-967,romanian,paris,7,1
AliBaba-968,swedish,valletta,40,1
AliBaba-968,swedish,valletta,1,1
AliBaba-969,italian,paris,32,0
AliBaba-970,spanish,madrid,34,0
AliBaba-970,spanish,madrid,16,0
AliBaba-970,spanish,madrid,7,0
AliBaba-971,irish,paris,43,0
AliBaba-971,irish,paris,35,0
AliBaba-971,irish,paris,24,0
AliBaba-972,german,vienna,30,0
AliBaba-972,german,vienna,4,1
AliBaba-973,belgian,rome,17,1
AliBaba-973,belgian,rome,5,0
AliBaba-974,french,paris,6,0
AliBaba-975,danish,vilnius,30,1
AliBaba-976,spanish,rome,16,0
AliBaba-976,spanish,rome,9,1
AliBaba-977,greek,paris,38,0
AliBaba-977,greek,paris,1,1
AliBaba-978,czech,paris,38,1
AliBaba-978,czech,paris,33,1
AliBaba-979,romanian,rome,14,1
AliBaba-979,romanian,rome,1,0
AliBaba-980,maltese,valletta,32,0
AliBaba-980,maltese,valletta,23,1
AliBaba-980,maltese,valletta,17,1
AliBaba-980,maltese,valletta,1,0
AliBaba-981,czech,madrid,43,1
AliBaba-981,czech,madrid,32,0
AliBaba-981,czech,madrid,24,0
AliBaba-981,czech,madrid,4,1
AliBaba-982,finnish,valletta,39,0
AliBaba-982,finnish,valletta,28,0
AliBaba-983,portuguese,paris,7,1
AliBaba-983,portuguese,paris,0,1
AliBaba-984,cypriot,paris,5,1
AliBaba-985,german,copenhagen,43,1
AliBaba-985,german,copenhagen,30,1
AliBaba-986,greek,madrid,28,1
AliBaba-986,greek,madrid,2,1
AliBaba-987,hungarian,amsterdam,34,0
AliBaba-987,hungarian,amsterdam,26,1
AliBaba-987,hungarian,amsterdam,24,0
AliBaba-987,hungarian,amsterdam,4,1
AliBaba-988,maltese,madrid,16,1
AliBaba-989,belgian,valletta,35,1
AliBaba-989,belgian,valletta,35,1
AliBaba-989,belgian,valletta,5,1
AliBaba-990,polish,paris,2,1
AliBaba-990,polish,paris,1,0
AliBaba-991,spanish,sofia,33,1
AliBaba-991,spanish,sofia,10,1
AliBaba-991,spanish,sofia,4,0
AliBaba-992,luxembourgish,paris,19,1
AliBaba-992,luxembourgish,paris,18,1
AliBaba-993,slovakian,copenhagen,9,0
AliBaba-993,slovakian,copenhagen,9,1
AliBaba-994,italian,valletta,14,1
AliBaba-995,french,copenhagen,29,0
AliBaba-995,french,copenhagen,24,0
AliBaba-996,cypriot,vilnius,41,1
AliBaba-996,cypriot,vilnius,31,1
AliBaba-996,cypriot,vilnius,24,1
AliBaba-996,cypriot,vilnius,4,0
AliBaba-997,estonian,madrid,12,1
AliBaba-998,czech,copenhagen,9,1
AliBaba-998,czech,copenhagen,3,0
AliBaba-999,lithuanian,vilnius,21,0
AliBaba-1000,estonian,madrid,5,1
AliBaba-1001,bulgarian,sofia,2,1
AliBaba-1002,slovakian,vilnius,29,0
AliBaba-1002,slovakian,vilnius,8,1
AliBaba-1003,slovene,vienna,6,0
AliBaba-1004,lithuanian,valletta,43,1
AliBaba-1004,lithuanian,valletta,5,0
AliBaba-1005,swedish,vilnius,16,1
AliBaba-1006,slovakian,amsterdam,24,1
AliBaba-1007,slovakian,vienna,32,0
AliBaba-1007,slovakian,vienna,19,1
AliBaba-1007,slovakian,vienna,0,1
AliBaba-1008,swedish,paris,37,0
AliBaba-1008,swedish,paris,31,0
AliBaba-1008,swedish,paris,26,1
AliBaba-1008,swedish,paris,25,1
AliBaba-1009,swedish,copenhagen,6,1
AliBaba-1010,latvian,amsterdam,38,1
AliBaba-1011,belgian,copenhagen,27,0
AliBaba-1012,austrian,rome,9,0
AliBaba-1013,polish,valletta,11,1
AliBaba-1014,austrian,paris,29,0
AliBaba-1014,austrian,paris,14,0
AliBaba-1014,austrian,paris,1,0
AliBaba-1015,estonian,madrid,10,1
AliBaba-1016,hungarian,copenhagen,42,1
AliBaba-1016,hungarian,copenhagen,19,1
AliBaba-1017,finnish,amsterdam,30,1
AliBaba-1018,german,sofia,8,1
AliBaba-1019,austrian,amsterdam,25,1
AliBaba-1020,latvian,vienna,42,0
AliBaba-1021,hungarian,sofia,15,0
AliBaba-1022,lithuanian,vilnius,15,0
AliBaba-1023,austrian,rome,10,0
AliBaba-1024,slovakian,madrid,4,0
AliBaba-1025,luxembourgish,vilnius,41,0
AliBaba-1025,luxembourgish,vilnius,1,0
AliBaba-1025,luxembourgish,vilnius,0,0
AliBaba-1026,hungarian,vienna,42,0
AliBaba-1026,hungarian,vienna,7,0
AliBaba-1026,hungarian,vienna,2,1
AliBaba-1027,bulgarian,vienna,43,1
AliBaba-1027,bulgarian,vienna,25,1
AliBaba-1027,bulgarian,vienna,17,1
AliBaba-1027,bulgarian,vienna,8,0
AliBaba-1028,greek,copenhagen,1,0
AliBaba-1029,latvian,valletta,12,1
AliBaba-1030,french,sofia,41,0
AliBaba-1030,french,sofia,28,1
AliBaba-1031,luxembourgish,valletta,10,1
AliBaba-1031,luxembourgish,valletta,8,0
AliBaba-1032,greek,vienna,22,0
AliBaba-1032,greek,vienna,15,1
AliBaba-1032,greek,vienna,11,0
AliBaba-1033,danish,valletta,6,0
AliBaba-1033,danish,valletta,3,1
AliBaba-1033,danish,valletta,0,0
AliBaba-1034,portuguese,paris,13,0
AliBaba-1034,portuguese,paris,13,1
AliBaba-1035,finnish,valletta,23,1
AliBaba-1035,finnish,valletta,8,0
AliBaba-1035,finnish,valletta,0,1
AliBaba-1036,austrian,vilnius,5,0
AliBaba-1037,romanian,sofia,11,0
AliBaba-1038,slovene,amsterdam,21,1
AliBaba-1038,slovene,amsterdam,11,1
AliBaba-1039,greek,copenhagen,4,1
AliBaba-1039,greek,copenhagen,2,0
AliBaba-1039,greek,copenhagen,1,0
AliBaba-1040,austrian,copenhagen,36,1
AliBaba-1040,austrian,copenhagen,14,0
AliBaba-1041,spanish,paris,23,1
AliBaba-1042,polish,copenhagen,0,0
AliBaba-1043,greek,amsterdam,30,0
AliBaba-1043,greek,amsterdam,29,1
AliBaba-1044,luxembourgish,copenhagen,32,1
AliBaba-1045,slovakian,vienna,26,0
AliBaba-1045,slovakian,vienna,25,0
AliBaba-1045,slovakian,vienna,4,1
AliBaba-1046,portuguese,vienna,6,0
AliBaba-1047,czech,paris,24,1
AliBaba-1047,czech,paris,14,0
AliBaba-1048,spanish,paris,22,1
AliBaba-1049,slovene,valletta,26,0
AliBaba-1049,slovene,valletta,4,1
AliBaba-1050,hungarian,amsterdam,30,0
AliBaba-1050,hungarian,amsterdam,4,0
AliBaba-1050,hungarian,amsterdam,2,1
AliBaba-1051,belgian,copenhagen,42,1
AliBaba-1051,belgian,copenhagen,41,1
AliBaba-1051,belgian,copenhagen,9,0
AliBaba-1051,belgian,copenhagen,8,1
AliBaba-1051,belgian,copenhagen,1,1
AliBaba-1051,belgian,copenhagen,0,0
AliBaba-1052,lithuanian,madrid,40,1
AliBaba-1052,lithuanian,madrid,24,0
AliBaba-1053,swedish,sofia,24,0
AliBaba-1054,portuguese,sofia,12,0
AliBaba-1055,german,amsterdam,5,1
AliBaba-1055,german,amsterdam,0,0
AliBaba-1056,croatian,vienna,40,0
AliBaba-1056,croatian,vienna,21,1
AliBaba-1056,croatian,vienna,12,1
AliBaba-1057,greek,rome,41,1
AliBaba-1057,greek,rome,32,1
AliBaba-1057,greek,rome,6,0
AliBaba-1058,slovakian,vienna,1,1
AliBaba-1059,dutch,sofia,23,1
AliBaba-1059,dutch,sofia,5,1
AliBaba-1060,swedish,vilnius,32,1
AliBaba-1061,portuguese,paris,42,1
AliBaba-1061,portuguese,paris,10,1
AliBaba-1062,maltese,rome,33,0
AliBaba-1062,maltese,rome,30,1
AliBaba-1062,maltese,rome,8,1
AliBaba-1063,maltese,vienna,36,0
AliBaba-1063,maltese,vienna,12,1
AliBaba-1064,austrian,valletta,31,1
AliBaba-1064,austrian,valletta,26,0
AliBaba-1064,austrian,valletta,3,1
AliBaba-1065,lithuanian,rome,5,1
AliBaba-1066,polish,valletta,11,0
AliBaba-1067,greek,vilnius,26,1
AliBaba-1068,slovene,copenhagen,13,1
AliBaba-1068,slovene,copenhagen,9,0
AliBaba-1069,cypriot,rome,31,0
AliBaba-1069,cypriot,rome,5,0
AliBaba-1070,german,sofia,3,1
AliBaba-1070,german,sofia,0,1
AliBaba-1071,maltese,vienna,8,1
AliBaba-1071,maltese,vienna,0,0
AliBaba-1072,latvian,amsterdam,6,1
AliBaba-1072,latvian,amsterdam,3,0
AliBaba-1073,italian,sofia,1,0
AliBaba-1074,irish,rome,3,0
AliBaba-1074,irish,rome,3,0
AliBaba-1075,romanian,vilnius,3,0
AliBaba-1075,romanian,vilnius,3,0
AliBaba-1075,romanian,vilnius,1,1
AliBaba-1076,slovene,copenhagen,6,0
AliBaba-1076,slovene,copenhagen,2,1
AliBaba-1077,romanian,madrid,7,1
AliBaba-1077,romanian,madrid,1,0
AliBaba-1077,romanian,madrid,1,0
AliBaba-1078,latvian,vienna,6,1
AliBaba-1079,romanian,paris,7,1
AliBaba-1079,romanian,paris,5,0
AliBaba-1079,romanian,paris,2,0
AliBaba-1079,romanian,paris,2,0
AliBaba-1079,romanian,paris,0,0
AliBaba-1080,greek,rome,6,0
AliBaba-1080,greek,rome,2,0
AliBaba-1080,greek,rome,2,0
AliBaba-1081,romanian,amsterdam,7,1
AliBaba-1081,romanian,amsterdam,3,1
AliBaba-1082,slovakian,vienna,6,0
AliBaba-1083,polish,valletta,6,0
AliBaba-1083,polish,valletta,4,0
AliBaba-1084,slovakian,valletta,3,0
AliBaba-1085,danish,amsterdam,9,1
AliBaba-1085,danish,amsterdam,8,1
AliBaba-1085,danish,amsterdam,4,1
AliBaba-1085,danish,amsterdam,2,0
AliBaba-1086,french,paris,4,0
AliBaba-1086,french,paris,2,0
AliBaba-1086,french,paris,1,0
AliBaba-1087,spanish,copenhagen,1,0
AliBaba-1087,spanish,copenhagen,1,1
AliBaba-1088,hungarian,valletta,6,0
AliBaba-1088,hungarian,valletta,5,1
AliBaba-1089,belgian,madrid,8,0
AliBaba-1089,belgian,madrid,3,1
AliBaba-1089,belgian,madrid,2,0
AliBaba-1090,belgian,amsterdam,4,0
AliBaba-1090,belgian,amsterdam,0,1
AliBaba-1091,czech,madrid,9,0
AliBaba-1091,czech,madrid,0,0
AliBaba-1092,latvian,sofia,2,0
AliBaba-1093,french,madrid,0,0
AliBaba-1093,french,madrid,0,0
AliBaba-1094,spanish,rome,8,0
AliBaba-1094,spanish,rome,1,0
AliBaba-1095,danish,copenhagen,5,1
AliBaba-1096,polish,sofia,7,0
AliBaba-1096,polish,sofia,5,1
AliBaba-1096,polish,sofia,0,1
AliBaba-1097,finnish,sofia,6,1
AliBaba-1098,greek,vienna,3,1
AliBaba-1099,belgian,amsterdam,7,0
AliBaba-1099,belgian,amsterdam,6,0
AliBaba-1099,belgian,amsterdam,4,1
AliBaba-1100,maltese,vienna,5,1
AliBaba-1100,maltese,vienna,1,1
AliBaba-1101,german,paris,9,0
AliBaba-1101,german,paris,7,1
AliBaba-1101,german,paris,6,0
AliBaba-1102,latvian,vilnius,3,1
AliBaba-1103,bulgarian,amsterdam,4,1
AliBaba-1103,bulgarian,amsterdam,3,0
AliBaba-1103,bulgarian,amsterdam,0,0
AliBaba-1104,greek,copenhagen,2,0
AliBaba-1104,greek,copenhagen,0,0
AliBaba-1105,german,vilnius,7,1
AliBaba-1105,german,vilnius,7,0
AliBaba-1105,german,vilnius,3,1
AliBaba-1106,irish,madrid,8,1
AliBaba-1106,irish,madrid,0,1
AliBaba-1107,slovene,copenhagen,0,0
AliBaba-1108,czech,valletta,8,0
AliBaba-1108,czech,valletta,6,1
AliBaba-1108,czech,valletta,3,0
AliBaba-1109,german,copenhagen,6,0
AliBaba-1109,german,copenhagen,3,0
AliBaba-1110,maltese,rome,9,1
AliBaba-1110,maltese,rome,3,1
AliBaba-1111,bulgarian,vienna,0,0
AliBaba-1112,hungarian,vilnius,3,1
AliBaba-1113,dutch,copenhagen,4,1
AliBaba-1113,dutch,copenhagen,2,0
AliBaba-1114,cypriot,valletta,1,0
AliBaba-1115,french,copenhagen,6,0
AliBaba-1115,french,copenhagen,4,1
AliBaba-1115,french,copenhagen,1,1
AliBaba-1116,luxembourgish,rome,2,1
AliBaba-1117,dutch,rome,4,1
AliBaba-1117,dutch,rome,4,1
AliBaba-1118,greek,copenhagen,0,0
AliBaba-1119,german,vienna,3,1
AliBaba-1120,maltese,rome,6,1
AliBaba-1121,latvian,valletta,2,1
AliBaba-1122,dutch,sofia,2,1
AliBaba-1123,bulgarian,vienna,9,0
AliBaba-1123,bulgarian,vienna,6,0
AliBaba-1123,bulgarian,vienna,5,1
AliBaba-1123,bulgarian,vienna,5,0
AliBaba-1124,hungarian,valletta,2,0
AliBaba-1125,finnish,sofia,2,1
AliBaba-1126,danish,amsterdam,9,1
AliBaba-1126,danish,amsterdam,0,0
AliBaba-1127,belgian,amsterdam,1,1
AliBaba-1128,cypriot,sofia,3,0
AliBaba-1129,cypriot,sofia,6,1
AliBaba-1129,cypriot,sofia,1,1
AliBaba-1130,german,vienna,2,0
AliBaba-1131,slovene,vienna,6,1
AliBaba-1131,slovene,vienna,4,1
AliBaba-1131,slovene,vienna,4,1
AliBaba-1132,estonian,sofia,2,1
AliBaba-1132,estonian,sofia,2,1
AliBaba-1133,spanish,rome,3,1
AliBaba-1134,croatian,paris,9,1
AliBaba-1134,croatian,paris,5,0
AliBaba-1135,slovene,sofia,3,1
AliBaba-1135,slovene,sofia,2,1
AliBaba-1136,maltese,paris,5,1
AliBaba-1136,maltese,paris,1,1
AliBaba-1137,lithuanian,sofia,5,0
AliBaba-1138,belgian,vilnius,7,1
AliBaba-1138,belgian,vilnius,6,1
AliBaba-1139,spanish,vilnius,3,1
AliBaba-1140,hungarian,madrid,1,0
AliBaba-1141,danish,copenhagen,2,0
AliBaba-1141,danish,copenhagen,0,0
AliBaba-1142,romanian,paris,4,1
AliBaba-1143,croatian,vienna,0,0
AliBaba-1144,croatian,copenhagen,6,1
AliBaba-1144,croatian,copenhagen,2,0
AliBaba-1145,luxembourgish,vilnius,4,0
AliBaba-1145,luxembourgish,vilnius,4,1
AliBaba-1145,luxembourgish,vilnius,4,1
AliBaba-1145,luxembourgish,vilnius,4,1
AliBaba-1146,german,sofia,4,0
AliBaba-1147,bulgarian,vienna,4,1
AliBaba-1147,bulgarian,vienna,4,0
AliBaba-1147,bulgarian,vienna,2,0
AliBaba-1147,bulgarian,vienna,1,1
AliBaba-1148,finnish,paris,0,0
AliBaba-1149,swedish,sofia,8,1
AliBaba-1149,swedish,sofia,4,1
AliBaba-1150,polish,amsterdam,9,0
AliBaba-1150,polish,amsterdam,2,1
AliBaba-1151,german,amsterdam,3,0
AliBaba-1151,german,amsterdam,3,1
AliBaba-1152,lithuanian,vienna,5,1
AliBaba-1153,austrian,vilnius,9,0
AliBaba-1153,austrian,vilnius,1,0
AliBaba-1154,finnish,amsterdam,4,0
AliBaba-1154,finnish,amsterdam,0,0
AliBaba-1155,bulgarian,amsterdam,5,1
AliBaba-1155,bulgarian,amsterdam,4,0
AliBaba-1156,portuguese,vilnius,0,1
AliBaba-1157,romanian,rome,4,0
AliBaba-1157,romanian,rome,2,1
AliBaba-1158,czech,valletta,1,0
AliBaba-1159,bulgarian,amsterdam,1,1
AliBaba-1160,luxembourgish,madrid,1,1
AliBaba-1161,italian,madrid,2,1
AliBaba-1162,slovene,paris,0,1
AliBaba-1163,irish,vienna,3,0
AliBaba-1164,croatian,paris,1,0
AliBaba-1165,swedish,vilnius,9,1
AliBaba-1165,swedish,vilnius,5,0
AliBaba-1165,swedish,vilnius,0,1
AliBaba-1166,spanish,amsterdam,9,0
AliBaba-1166,spanish,amsterdam,9,0
AliBaba-1166,spanish,amsterdam,2,0
AliBaba-1167,spanish,madrid,2,1
AliBaba-1168,polish,vienna,4,1
AliBaba-1169,latvian,vienna,3,1
AliBaba-1169,latvian,vienna,0,0
AliBaba-1170,maltese,madrid,9,1
AliBaba-1170,maltese,madrid,3,0
AliBaba-1171,czech,vienna,6,1
AliBaba-1171,czech,vienna,4,0
AliBaba-1172,croatian,copenhagen,5,0
AliBaba-1173,austrian,valletta,0,1
AliBaba-1174,lithuanian,sofia,3,0
AliBaba-1174,lithuanian,sofia,0,1
AliBaba-1175,french,vilnius,8,0
AliBaba-1175,french,vilnius,7,0
AliBaba-1175,french,vilnius,4,1
AliBaba-1176,maltese,vilnius,8,1
AliBaba-1176,maltese,vilnius,5,1
AliBaba-1177,cypriot,sofia,1,0
AliBaba-1177,cypriot,sofia,1,1
AliBaba-1177,cypriot,sofia,0,1
AliBaba-1178,czech,madrid,9,0
AliBaba-1178,czech,madrid,3,0
AliBaba-1179,german,rome,6,1
AliBaba-1179,german,rome,5,1
AliBaba-1180,belgian,copenhagen,5,1
AliBaba-1181,german,paris,0,0
AliBaba-1182,belgian,vilnius,3,0
AliBaba-1183,danish,amsterdam,9,1
AliBaba-1183,danish,amsterdam,3,0
AliBaba-1184,romanian,valletta,3,1
AliBaba-1184,romanian,valletta,2,0
AliBaba-1185,german,rome,4,0
AliBaba-1185,german,rome,4,0
AliBaba-1185,german,rome,1,0
AliBaba-1186,polish,paris,7,1
AliBaba-1186,polish,paris,1,0
AliBaba-1187,lithuanian,copenhagen,5,1
AliBaba-1188,croatian,madrid,4,0
AliBaba-1189,swedish,amsterdam,0,0
AliBaba-1190,croatian,sofia,6,0
AliBaba-1190,croatian,sofia,5,0
AliBaba-1191,slovakian,paris,6,1
AliBaba-1191,slovakian,paris,4,0
AliBaba-1192,bulgarian,valletta,7,0
AliBaba-1192,bulgarian,valletta,5,0
AliBaba-1192,bulgarian,valletta,3,1
AliBaba-1193,austrian,copenhagen,1,0
AliBaba-1194,austrian,paris,3,0
AliBaba-1195,french,copenhagen,7,0
AliBaba-1195,french,copenhagen,4,0
AliBaba-1195,french,copenhagen,1,1
AliBaba-1196,croatian,amsterdam,2,0
AliBaba-1197,estonian,madrid,2,0
AliBaba-1197,estonian,madrid,0,0
AliBaba-1197,estonian,madrid,0,0
AliBaba-1198,french,vilnius,4,0
AliBaba-1198,french,vilnius,0,1
AliBaba-1199,cypriot,valletta,2,0
AliBaba-1199,cypriot,valletta,2,1
AliBaba-1200,slovene,valletta,1,0
AliBaba-1201,irish,amsterdam,2,1
AliBaba-1202,italian,valletta,1,0
AliBaba-1203,danish,valletta,5,1
AliBaba-1204,italian,vienna,2,0
AliBaba-1205,portuguese,rome,3,0
AliBaba-1206,french,vilnius,0,0
AliBaba-1207,belgian,rome,7,0
AliBaba-1207,belgian,rome,1,1
AliBaba-1208,dutch,paris,4,1
AliBaba-1209,romanian,rome,9,0
AliBaba-1209,romanian,rome,4,1
AliBaba-1209,romanian,rome,2,1
AliBaba-1209,romanian,rome,1,1
AliBaba-1210,cypriot,vienna,6,1
AliBaba-1210,cypriot,vienna,6,1
AliBaba-1210,cypriot,vienna,0,1
AliBaba-1211,slovene,sofia,1,0
AliBaba-1212,lithuanian,paris,4,1
AliBaba-1212,lithuanian,paris,0,0
AliBaba-1213,italian,rome,8,1
AliBaba-1213,italian,rome,7,0
AliBaba-1213,italian,rome,4,0
AliBaba-1214,belgian,vienna,2,1
AliBaba-1214,belgian,vienna,2,1
AliBaba-1215,french,amsterdam,3,0
AliBaba-1216,spanish,vienna,3,0
AliBaba-1217,latvian,paris,9,1
AliBaba-1217,latvian,paris,0,0
AliBaba-1218,estonian,amsterdam,2,0
AliBaba-1218,estonian,amsterdam,0,1
AliBaba-1219,spanish,vilnius,8,0
AliBaba-1219,spanish,vilnius,4,1
AliBaba-1219,spanish,vilnius,0,0
AliBaba-1220,luxembourgish,copenhagen,7,1
AliBaba-1221,irish,rome,5,1
AliBaba-1222,bulgarian,sofia,3,1
AliBaba-1223,austrian,vienna,3,1
AliBaba-1224,bulgarian,copenhagen,6,0
AliBaba-1224,bulgarian,copenhagen,3,0
AliBaba-1225,italian,copenhagen,1,0
AliBaba-1226,cypriot,vilnius,4,0
AliBaba-1227,polish,madrid,7,0
AliBaba-1227,polish,madrid,0,1
AliBaba-1228,austrian,madrid,5,1
AliBaba-1228,austrian,madrid,2,1
AliBaba-1229,swedish,vienna,3,1
AliBaba-1229,swedish,vienna,1,0
AliBaba-1230,hungarian,amsterdam,6,1
AliBaba-1230,hungarian,amsterdam,0,1
AliBaba-1230,hungarian,amsterdam,0,0
AliBaba-1231,irish,sofia,9,0
AliBaba-1231,irish,sofia,5,1
AliBaba-1232,polish,vilnius,2,0
AliBaba-1233,greek,amsterdam,2,0
AliBaba-1233,greek,amsterdam,0,0
AliBaba-1234,swedish,amsterdam,0,0
AliBaba-1235,estonian,sofia,7,1
AliBaba-1235,estonian,sofia,1,0
AliBaba-1236,polish,vilnius,5,0
AliBaba-1237,german,valletta,6,1
AliBaba-1238,greek,sofia,1,0
AliBaba-1238,greek,sofia,1,0
AliBaba-1238,greek,sofia,1,1
AliBaba-1239,german,copenhagen,6,0
AliBaba-1239,german,copenhagen,3,1
AliBaba-1240,croatian,valletta,4,0
AliBaba-1241,polish,rome,9,0
AliBaba-1241,polish,rome,5,0
AliBaba-1241,polish,rome,4,0
AliBaba-1241,polish,rome,0,1
AliBaba-1242,french,sofia,4,1
AliBaba-1242,french,sofia,3,1
AliBaba-1243,lithuanian,madrid,2,0
AliBaba-1244,romanian,vienna,7,0
AliBaba-1245,slovakian,copenhagen,7,0
AliBaba-1245,slovakian,copenhagen,3,1
AliBaba-1245,slovakian,copenhagen,3,0
AliBaba-1246,polish,rome,6,0
AliBaba-1246,polish,rome,1,0
AliBaba-1247,slovakian,amsterdam,1,1
AliBaba-1248,cypriot,vilnius,4,1
AliBaba-1248,cypriot,vilnius,2,0
AliBaba-1249,portuguese,valletta,7,0
AliBaba-1250,swedish,amsterdam,9,0
AliBaba-1250,swedish,amsterdam,4,1
AliBaba-1250,swedish,amsterdam,1,1
AliBaba-1251,german,valletta,8,0
AliBaba-1251,german,valletta,8,0
AliBaba-1251,german,valletta,7,1
AliBaba-1251,german,valletta,2,1
AliBaba-1251,german,valletta,1,0
AliBaba-1252,slovene,valletta,8,0
AliBaba-1252,slovene,valletta,5,0
AliBaba-1252,slovene,valletta,2,0
AliBaba-1253,german,sofia,9,1
AliBaba-1253,german,sofia,3,0
AliBaba-1253,german,sofia,1,0
AliBaba-1253,german,sofia,0,0
AliBaba-1254,belgian,vilnius,2,0
AliBaba-1254,belgian,vilnius,1,0
AliBaba-1254,belgian,vilnius,0,0
AliBaba-1255,bulgarian,paris,5,0
AliBaba-1256,swedish,madrid,5,1
AliBaba-1257,cypriot,sofia,7,0
AliBaba-1257,cypriot,sofia,2,0
AliBaba-1258,german,vilnius,3,0
AliBaba-1259,latvian,amsterdam,4,1
AliBaba-1260,german,valletta,0,0
AliBaba-1261,hungarian,paris,9,1
AliBaba-1261,hungarian,paris,6,1
AliBaba-1262,swedish,amsterdam,6,1
AliBaba-1263,finnish,valletta,5,1
AliBaba-1263,finnish,valletta,3,1
AliBaba-1264,irish,amsterdam,0,1
AliBaba-1265,finnish,vienna,1,1
AliBaba-1266,lithuanian,amsterdam,5,1
AliBaba-1266,lithuanian,amsterdam,0,1
AliBaba-1267,polish,rome,8,1
AliBaba-1267,polish,rome,2,0
AliBaba-1268,spanish,sofia,1,0
AliBaba-1269,polish,valletta,31,1
AliBaba-1269,polish,valletta,7,1
AliBaba-1270,belgian,vienna,24,1
AliBaba-1270,belgian,vienna,7,0
AliBaba-1271,austrian,vienna,14,0
AliBaba-1272,romanian,sofia,43,0
AliBaba-1272,romanian,sofia,22,0
AliBaba-1272,romanian,sofia,3,0
AliBaba-1273,czech,vilnius,14,0
AliBaba-1274,austrian,copenhagen,40,1
AliBaba-1274,austrian,copenhagen,18,0
AliBaba-1275,german,copenhagen,26,1
AliBaba-1276,portuguese,sofia,17,0
AliBaba-1277,maltese,valletta,7,1
AliBaba-1278,german,vienna,1,1
AliBaba-1279,cypriot,copenhagen,21,1
AliBaba-1280,luxembourgish,madrid,33,0
AliBaba-1280,luxembourgish,madrid,24,0
AliBaba-1281,hungarian,rome,35,1
AliBaba-1282,latvian,madrid,41,1
AliBaba-1282,latvian,madrid,7,1
AliBaba-1283,latvian,rome,19,0
AliBaba-1283,latvian,rome,14,0
AliBaba-1284,luxembourgish,valletta,23,0
AliBaba-1284,luxembourgish,valletta,2,1
AliBaba-1285,swedish,madrid,2,1
AliBaba-1286,romanian,vienna,12,0
AliBaba-1287,polish,valletta,19,0
AliBaba-1288,danish,paris,32,1
AliBaba-1288,danish,paris,28,0
AliBaba-1289,french,copenhagen,43,0
AliBaba-1289,french,copenhagen,39,1
AliBaba-1290,slovakian,copenhagen,27,1
AliBaba-1290,slovakian,copenhagen,2,0
AliBaba-1291,lithuanian,amsterdam,21,0
AliBaba-1292,spanish,rome,25,0
AliBaba-1292,spanish,rome,16,0
AliBaba-1293,greek,rome,32,1
AliBaba-1293,greek,rome,18,0
AliBaba-1294,luxembourgish,sofia,20,1
AliBaba-1295,maltese,vilnius,33,0
AliBaba-1295,maltese,vilnius,32,0
AliBaba-1296,belgian,sofia,4,1
AliBaba-1297,hungarian,vienna,31,0
AliBaba-1297,hungarian,vienna,18,1
AliBaba-1298,croatian,amsterdam,27,1
AliBaba-1299,austrian,vilnius,14,1
AliBaba-1300,lithuanian,madrid,33,1
AliBaba-1300,lithuanian,madrid,31,0
AliBaba-1301,danish,vilnius,1,1
AliBaba-1302,spanish,madrid,41,1
AliBaba-1302,spanish,madrid,23,0
AliBaba-1303,dutch,vilnius,21,1
AliBaba-1303,dutch,vilnius,16,0
AliBaba-1304,romanian,sofia,15,0
AliBaba-1305,bulgarian,paris,3,0
AliBaba-1306,polish,madrid,4,1
AliBaba-1306,polish,madrid,1,0
AliBaba-1307,austrian,rome,3,0
AliBaba-1308,romanian,vienna,43,0
AliBaba-1308,romanian,vienna,30,0
AliBaba-1309,greek,vilnius,41,0
AliBaba-1310,irish,sofia,14,1
AliBaba-1310,irish,sofia,0,0
AliBaba-1311,italian,vilnius,25,1
AliBaba-1311,italian,vilnius,19,1
AliBaba-1312,danish,vienna,31,0
AliBaba-1313,maltese,vilnius,12,1
AliBaba-1313,maltese,vilnius,9,0
AliBaba-1314,maltese,vilnius,26,0
AliBaba-1314,maltese,vilnius,12,0
AliBaba-1315,latvian,valletta,19,1
AliBaba-1315,latvian,valletta,9,1
AliBaba-1316,latvian,paris,15,0
AliBaba-1317,slovakian,sofia,24,0
AliBaba-1318,greek,vilnius,31,1
AliBaba-1318,greek,vilnius,25,1
AliBaba-1319,maltese,copenhagen,3,0
AliBaba-1320,spanish,amsterdam,35,0
AliBaba-1320,spanish,amsterdam,22,0
AliBaba-1321,estonian,sofia,2,1
AliBaba-1322,estonian,valletta,24,1
AliBaba-1323,german,copenhagen,27,0
AliBaba-1323,german,copenhagen,2,0
AliBaba-1324,italian,vilnius,22,1
AliBaba-1324,italian,vilnius,11,0
AliBaba-1325,maltese,valletta,30,1
AliBaba-1325,maltese,valletta,3,0
AliBaba-1326,bulgarian,madrid,15,1
AliBaba-1326,bulgarian,madrid,5,1
AliBaba-1327,croatian,sofia,30,0
AliBaba-1327,croatian,sofia,20,0
AliBaba-1328,irish,copenhagen,11,1
AliBaba-1328,irish,copenhagen,11,0
AliBaba-1329,slovene,vilnius,40,0
AliBaba-1329,slovene,vilnius,4,0
AliBaba-1330,hungarian,paris,7,0
AliBaba-1331,maltese,valletta,37,0
AliBaba-1331,maltese,valletta,10,1
AliBaba-1332,portuguese,copenhagen,34,1
AliBaba-1332,portuguese,copenhagen,3,0
AliBaba-1333,portuguese,paris,38,0
AliBaba-1333,portuguese,paris,16,1
AliBaba-1334,french,valletta,8,0
AliBaba-1335,dutch,vilnius,30,1
AliBaba-1335,dutch,vilnius,29,0
AliBaba-1336,danish,vilnius,42,1
AliBaba-1336,danish,vilnius,33,0
AliBaba-1337,latvian,vilnius,3,1
AliBaba-1338,maltese,sofia,5,1
AliBaba-1339,latvian,sofia,22,0
AliBaba-1340,irish,amsterdam,14,0
AliBaba-1340,irish,amsterdam,6,1
AliBaba-1341,french,valletta,43,0
AliBaba-1341,french,valletta,4,0
AliBaba-1342,croatian,madrid,0,1
AliBaba-1343,german,rome,10,1
AliBaba-1344,bulgarian,paris,3,0
AliBaba-1345,hungarian,copenhagen,2,1
AliBaba-1346,luxembourgish,vienna,31,1
AliBaba-1346,luxembourgish,vienna,0,1
AliBaba-1347,slovakian,madrid,25,1
AliBaba-1347,slovakian,madrid,2,0
AliBaba-1348,cypriot,madrid,4,1
AliBaba-1349,bulgarian,madrid,5,0
AliBaba-1350,belgian,sofia,5,1
AliBaba-1351,greek,valletta,40,1
AliBaba-1351,greek,valletta,39,1
AliBaba-1352,swedish,vilnius,43,0
AliBaba-1352,swedish,vilnius,22,0
AliBaba-1353,austrian,vilnius,5,1
AliBaba-1354,lithuanian,rome,21,1
AliBaba-1354,lithuanian,rome,21,0
AliBaba-1355,german,valletta,31,1
AliBaba-1355,german,valletta,1,1
AliBaba-1356,romanian,copenhagen,30,1
AliBaba-1357,slovakian,valletta,13,0
AliBaba-1358,slovakian,amsterdam,3,1
AliBaba-1359,hungarian,sofia,37,0
AliBaba-1359,hungarian,sofia,19,0
AliBaba-1360,greek,valletta,11,1
AliBaba-1361,cypriot,amsterdam,1,1
AliBaba-1362,spanish,vienna,1,0
AliBaba-1363,french,valletta,15,1
AliBaba-1364,austrian,copenhagen,40,0
AliBaba-1364,austrian,copenhagen,19,1
AliBaba-1365,finnish,paris,15,1
AliBaba-1366,irish,paris,31,0
AliBaba-1366,irish,paris,8,0
AliBaba-1367,greek,madrid,23,1
AliBaba-1368,austrian,rome,17,0
AliBaba-1369,polish,vilnius,14,0
AliBaba-1369,polish,vilnius,7,0
AliBaba-1370,bulgarian,sofia,18,0
AliBaba-1371,cypriot,copenhagen,20,0
AliBaba-1372,slovakian,valletta,18,1
AliBaba-1373,irish,madrid,26,1
AliBaba-1374,austrian,amsterdam,27,0
AliBaba-1374,austrian,amsterdam,6,0
AliBaba-1375,romanian,vienna,42,1
AliBaba-1375,romanian,vienna,12,0
AliBaba-1376,romanian,paris,39,0
AliBaba-1376,romanian,paris,23,0
AliBaba-1377,dutch,vienna,12,1
AliBaba-1378,spanish,sofia,24,0
AliBaba-1378,spanish,sofia,24,0
AliBaba-1379,italian,copenhagen,43,1
AliBaba-1379,italian,copenhagen,4,1
AliBaba-1380,bulgarian,amsterdam,8,0
AliBaba-1381,irish,vienna,1,1
AliBaba-1382,dutch,sofia,25,0
AliBaba-1383,swedish,paris,25,0
AliBaba-1384,maltese,vilnius,42,0
AliBaba-1384,maltese,vilnius,26,1
AliBaba-1385,croatian,vienna,31,1
AliBaba-1385,croatian,vienna,15,0
